carpeta,inl_tag,inl_pot_real,pulsos_pot,a_pot,paso_medio_pot,beta_optimo_empirico,sigma_W_corregido,mean_W_corregido,mean_I_mc_corregido,sigma_I_mc_corregido,mean_I_mc_sesgado,sigma_I_mc_sesgado,mean_I_real_ep1,sigma_I_real_ep1,mean_I_real_epLast,sigma_I_real_epLast,n_epoca_last
beta_grid_search_SP_INL_1e-2_p_100,1e-2,0.009984686048393763,100,98.55,9.038186628152797e-06,350.0,0.00037894620730225,-5.156888805133618e-07,-4.890532468997728e-05,0.0035520656874769626,0.05514321882327823,0.006033369342484281,-0.0016961436,0.018200694,-0.002951498,0.03193695,100
beta_grid_search_SP_INL_1e-2_p_200,1e-2,0.009996308077117336,200,197.99,4.509497271899518e-06,750.0,0.00037963678670836163,-6.803828049524778e-07,-6.455825250102383e-05,0.00355886540010826,0.05665486113495637,0.006021776176518024,-0.0014540885,0.010554014,-0.0029490422,0.032149404,100
beta_grid_search_SP_INL_1e-2_p_50,1e-2,0.009959610328542564,50,48.83,1.8154351307559363e-05,250.0,0.00037885274637115504,7.675216265875131e-07,8.213031494335216e-05,0.003550448132765169,0.05211527128204799,0.006042688448124269,-0.002795574,0.027854478,-0.0029269368,0.03153276,100
beta_grid_search_SP_INL_1e-3_p_100,1e-3,0.0010017182938570634,100,316.81,9.013471879788292e-06,500.0,0.0003681842507712489,-5.031573102304596e-07,-4.7594208397145933e-05,0.003451193352482521,0.015009880149567641,0.005957556980549925,-0.0028216965,0.03196175,-0.0026260903,0.031804897,100
beta_grid_search_SP_INL_1e-3_p_200,1e-3,0.0010008223978975222,200,637.16,4.503348561224048e-06,650.0,0.00036894393290603546,-6.687932231676558e-07,-6.348228153540951e-05,0.0034589531792451346,0.01667164661099785,0.005950589523693469,-0.0030134767,0.032284215,-0.002627521,0.032090854,100
beta_grid_search_SP_INL_1e-3_p_50,1e-3,0.0010035739525404877,50,156.62,1.8054524440313995e-05,400.0,0.00036790493762126097,7.416668283261753e-07,7.940183136146655e-05,0.003448043439185864,0.011687397544192896,0.0059545594661038525,-0.002606325,0.031347763,-0.0026217285,0.031243829,100
beta_grid_search_SP_INL_1e-4_p_100,1e-4,0.00010018950255648066,100,1003.53,9.004411162757985e-06,450.0,0.00036709131892513695,-5.083960737703266e-07,-4.812049711100022e-05,0.0034409664420880625,0.0023398540368512457,0.005947845080310167,-0.0028384095,0.031928223,-0.0025653697,0.031705618,100
beta_grid_search_SP_INL_1e-4_p_200,1e-4,0.00010009197879351484,200,2018.36,4.5010965386047425e-06,700.0,0.0003678627618042332,-6.581221516141571e-07,-6.238173980966633e-05,0.003448810985514322,0.004070741673582854,0.0059422475438041964,-0.0030350026,0.032285944,-0.0025724398,0.032026477,100
beta_grid_search_SP_INL_1e-4_p_50,1e-4,0.0001003983022847452,50,496.05,1.8017850478851e-05,300.0,0.00036678478469366025,7.229010438673814e-07,7.744586168878294e-05,0.003437661949130574,-0.0011220056421750203,0.005941147560962854,-0.0025442303,0.031227944,-0.002563171,0.031117074,100
beta_grid_search_SP_INL_1e-5_p_100,1e-5,1.0019671477120793e-05,100,3173.88,9.00141052558186e-06,550.0,0.0003669832493744927,-5.150920014389513e-07,-4.8882432098512316e-05,0.0034399837739145828,-0.0016656230444388432,0.0059462225412539255,-0.002868303,0.031926334,-0.00253916,0.03167694,100
beta_grid_search_SP_INL_1e-5_p_200,1e-5,1.0009569600626806e-05,200,6383.62,4.500350642417017e-06,600.0,0.0003677559132036826,-6.640823928370619e-07,-6.303507771787454e-05,0.0034478486758454537,8.742435637108773e-05,0.005941043058057378,-0.0030459487,0.032283965,-0.0025638456,0.03201457,100
beta_grid_search_SP_INL_1e-5_p_50,1e-5,1.0041447953599432e-05,50,1568.79,1.8005707641332828e-05,250.0,0.00036667511310264206,7.280560046275091e-07,7.784335008896724e-05,0.0034366405687078594,-0.005172377699741691,0.005938393962532834,-0.002548937,0.031200884,-0.002520303,0.031063898,100
beta_grid_search_SP_INL_2e-1_p_100,2e-1,0.1999998164113142,100,11.82,9.090739130297238e-06,100.0,0.0005562534064479363,-1.006910537598485e-06,-9.956265180154695e-05,0.005213830575779222,0.2659790820961127,0.007151471722073731,-0.0031383883,0.030002015,-0.0033366515,0.031755343,100
beta_grid_search_SP_INL_2e-1_p_200,2e-1,0.20001388454499738,200,23.76,4.522570098551309e-06,200.0,0.000556470035732131,-8.767164190778956e-07,-8.255157415971182e-05,0.005209817843905222,0.26735970613519267,0.007114441336297532,-0.0027843784,0.023940677,-0.0033304382,0.031804886,100
beta_grid_search_SP_INL_2e-1_p_50,2e-1,0.1999355340856478,50,5.85,1.8366682118813327e-05,100.0,0.0005570339063593057,1.2033916286691445e-06,0.00012759012976949185,0.005212504627746138,0.2631419728241347,0.00721297262333249,-0.003456323,0.03180076,-0.0033936116,0.031820606,100
beta_grid_search_SP_INL_4.82e-6_p_100,4.82e-6,4.837374997954803e-06,100,4567.9,9.000981612515203e-06,400.0,0.0003669749155062433,-5.118322372414099e-07,-4.855521651921825e-05,0.00343989701219202,-0.0022309419807291144,0.005946049678021896,-0.002868092,0.031924028,-0.002539762,0.031674683,100
beta_grid_search_SP_INL_4.82e-6_p_200,4.82e-6,4.832479578165807e-06,200,9187.43,4.500244020137152e-06,700.0,0.00036774898718423344,-6.650356668806651e-07,-6.314265909551647e-05,0.003447780516235849,-0.00047475293401383437,0.005940928605852522,-0.0030479308,0.032281343,-0.0025535026,0.032013856,100
beta_grid_search_SP_INL_4.82e-6_p_50,4.82e-6,4.8479617130573945e-06,50,2257.81,1.8003972036512533e-05,250.0,0.00036666982997323984,7.294737433021927e-07,7.797273862760136e-05,0.0034365834381783643,-0.005744065039256964,0.005938063052392195,-0.0025485498,0.031196177,-0.002519817,0.031059032,100
beta_grid_search_SP_INL_5e-2_p_100,5e-2,0.050023755621598984,100,40.29,9.070074124197043e-06,350.0,0.00042425806052699466,-5.985307695215888e-07,-5.746505049416334e-05,0.0039768674453367426,0.12933250243833042,0.006335235962495838,-0.0030542323,0.03203286,-0.0030809476,0.031977084,100
beta_grid_search_SP_INL_5e-2_p_200,5e-2,0.05001574539336678,200,81.0,4.517417024525361e-06,600.0,0.0004246430696020828,-7.419001270367943e-07,-7.037780256878788e-05,0.003979383186224306,0.13053299545898298,0.006313819462620795,-0.003077972,0.03211993,-0.0030915355,0.032065168,100
beta_grid_search_SP_INL_5e-2_p_50,5e-2,0.05005311851866627,50,19.93,1.828363475033765e-05,200.0,0.00042492471602851683,8.840255247424131e-07,9.428712828269852e-05,0.003981094243841219,0.12694689359253303,0.006368879087229431,-0.003089151,0.03191918,-0.0030684862,0.031804036,100
beta_grid_search_SP_INL_5e-3_p_100,5e-3,0.005006882459121368,100,140.58,9.028309785433272e-06,450.0,0.00037301596850979464,-5.20706161459522e-07,-4.940292114500784e-05,0.0034965254629638043,0.03795706031940318,0.005992667099117457,-0.0028481157,0.032017913,-0.002813942,0.031919736,100
beta_grid_search_SP_INL_5e-3_p_200,5e-3,0.005003474230990541,200,282.7,4.507036040142572e-06,750.0,0.0003737297973799565,-6.715569259870368e-07,-6.371872953663132e-05,0.0035036973729791316,0.039500486796664055,0.005983049743363745,-0.0030178542,0.032290626,-0.002811049,0.03216555,100
beta_grid_search_SP_INL_5e-3_p_50,5e-3,0.005014447039369576,50,69.51,1.8114601953003136e-05,250.0,0.00037283292360936366,7.39325279044562e-07,7.908747369957454e-05,0.003494253779320895,0.0348750889720619,0.005996769365362007,-0.0027325652,0.031561647,-0.0027810403,0.031452168,100
beta_grid_search_SP_INL_5e-4_p_100,5e-4,0.0005008800953635015,100,448.47,9.00966857245229e-06,450.0,0.00036757527962498113,-5.089343439412117e-07,-4.824523089879446e-05,0.003445471128416899,0.009581388978441272,0.005952545519289304,-0.0028192427,0.031940382,-0.0026137133,0.031764362,100
beta_grid_search_SP_INL_5e-4_p_200,5e-4,0.0005004345444948499,200,901.95,4.502403349325573e-06,700.0,0.0003683455962889313,-6.646382153363321e-07,-6.309955266287191e-05,0.003453365194999582,0.011272815899770229,0.005946173900589834,-0.0030251313,0.03227913,-0.002597033,0.032063037,100
beta_grid_search_SP_INL_5e-4_p_50,5e-4,0.0005018877936938484,50,221.69,1.8039130164807553e-05,350.0,0.0003672734948731752,7.127807104823036e-07,7.621082722437336e-05,0.0034421807212369473,0.006200129593194682,0.005947941397564476,-0.0025824455,0.031294215,-0.0025940563,0.031186204,100
beta_grid_search_SP_INL_5e-5_p_100,5e-5,5.0096443396047515e-05,100,1419.32,9.003134036455173e-06,450.0,0.00036703540725678844,-5.093588975930746e-07,-4.8249969390971044e-05,0.0034404729171492094,0.00062411282494149,0.005947064738993954,-0.0028572667,0.031931024,-0.002555817,0.03169226,100
beta_grid_search_SP_INL_5e-5_p_200,5e-5,5.0046759141139404e-05,200,2854.65,4.50077907532871e-06,650.0,0.00036780616547651154,-6.607833920825958e-07,-6.26872298229014e-05,0.0034483112796706247,0.002364464569387997,0.005941647169591429,-0.003040494,0.032284483,-0.002566164,0.03202239,100
beta_grid_search_SP_INL_5e-5_p_50,5e-5,5.0203162129280636e-05,50,701.56,1.8012682174168357e-05,350.0,0.00036672036414401714,7.222814395756385e-07,7.731589262330584e-05,0.003437096424067743,-0.0028569085648356275,0.005939880355591727,-0.002549151,0.031221373,-0.002520624,0.031083891,100
