combo,inl_tag,pulsos,n_series,n_folds,prob_regret_ok,regret_mediana,regret_p90
beta_grid_search_SP_INL_1e-2_p_100,1e-2,100,1,5,1.0,0.0006081461906433105,0.0024214982986450195
beta_grid_search_SP_INL_1e-2_p_100,1e-2,100,2,5,1.0,0.0006081461906433105,0.0008748769760131836
beta_grid_search_SP_INL_1e-2_p_100,1e-2,100,3,5,1.0,0.0006081461906433105,0.0008748769760131836
beta_grid_search_SP_INL_1e-2_p_100,1e-2,100,5,5,1.0,0.0006081461906433105,0.0008748769760131836
beta_grid_search_SP_INL_1e-2_p_100,1e-2,100,8,5,1.0,0.0006081461906433105,0.0008748769760131836
beta_grid_search_SP_INL_1e-2_p_100,1e-2,100,12,5,1.0,0.0006081461906433105,0.0006348192691803039
beta_grid_search_SP_INL_1e-2_p_100,1e-2,100,16,5,1.0,0.0006081461906433105,0.0006081461906433105
beta_grid_search_SP_INL_1e-2_p_100,1e-2,100,20,5,1.0,0.0006081461906433105,0.0006081461906433105
beta_grid_search_SP_INL_1e-2_p_200,1e-2,200,1,5,1.0,0.00025331974029541016,0.001800835132598877
beta_grid_search_SP_INL_1e-2_p_200,1e-2,200,2,5,1.0,0.00021916627883911133,0.0016258955001831055
beta_grid_search_SP_INL_1e-2_p_200,1e-2,200,3,5,1.0,0.0001551508903503418,0.0007098913192749023
beta_grid_search_SP_INL_1e-2_p_200,1e-2,200,5,5,1.0,0.0001551508903503418,0.00032579898834228516
beta_grid_search_SP_INL_1e-2_p_200,1e-2,200,8,5,1.0,0.0001551508903503418,0.00021916627883911133
beta_grid_search_SP_INL_1e-2_p_200,1e-2,200,12,5,1.0,0.0001551508903503418,0.00021916627883911133
beta_grid_search_SP_INL_1e-2_p_200,1e-2,200,16,5,1.0,0.0001551508903503418,0.0001551508903503418
beta_grid_search_SP_INL_1e-2_p_200,1e-2,200,20,5,1.0,0.0001551508903503418,0.0001551508903503418
beta_grid_search_SP_INL_1e-2_p_50,1e-2,50,1,5,1.0,0.00013172626495361328,0.00013172626495361328
beta_grid_search_SP_INL_1e-2_p_50,1e-2,50,2,5,1.0,0.00013172626495361328,0.00013172626495361328
beta_grid_search_SP_INL_1e-2_p_50,1e-2,50,3,5,1.0,0.00013172626495361328,0.00013172626495361328
beta_grid_search_SP_INL_1e-2_p_50,1e-2,50,5,5,1.0,0.00013172626495361328,0.00013172626495361328
beta_grid_search_SP_INL_1e-2_p_50,1e-2,50,8,5,1.0,0.00013172626495361328,0.00013172626495361328
beta_grid_search_SP_INL_1e-2_p_50,1e-2,50,12,5,1.0,0.00013172626495361328,0.00013172626495361328
beta_grid_search_SP_INL_1e-2_p_50,1e-2,50,16,5,1.0,0.00013172626495361328,0.00013172626495361328
beta_grid_search_SP_INL_1e-2_p_50,1e-2,50,20,5,1.0,0.00013172626495361328,0.00013172626495361328
beta_grid_search_SP_INL_1e-3_p_100,1e-3,100,1,5,1.0,0.00020265579223632812,0.006293594837188721
beta_grid_search_SP_INL_1e-3_p_100,1e-3,100,2,5,1.0,0.000179290771484375,0.0015435218811035156
beta_grid_search_SP_INL_1e-3_p_100,1e-3,100,3,5,1.0,0.000179290771484375,0.0007026791572570801
beta_grid_search_SP_INL_1e-3_p_100,1e-3,100,5,5,1.0,0.000179290771484375,0.00020265579223632812
beta_grid_search_SP_INL_1e-3_p_100,1e-3,100,8,5,1.0,0.0,0.00020265579223632812
beta_grid_search_SP_INL_1e-3_p_100,1e-3,100,12,5,1.0,0.0,0.00020265579223632812
beta_grid_search_SP_INL_1e-3_p_100,1e-3,100,16,5,1.0,0.0,0.00020265579223632812
beta_grid_search_SP_INL_1e-3_p_100,1e-3,100,20,5,1.0,0.0,0.0
beta_grid_search_SP_INL_1e-3_p_200,1e-3,200,1,5,1.0,0.0005556344985961914,0.004503130912780762
beta_grid_search_SP_INL_1e-3_p_200,1e-3,200,2,5,1.0,0.0006014704704284668,0.0022848844528198242
beta_grid_search_SP_INL_1e-3_p_200,1e-3,200,3,5,1.0,0.0005556344985961914,0.0022848844528198242
beta_grid_search_SP_INL_1e-3_p_200,1e-3,200,5,5,1.0,0.0002549290657043457,0.0009566545486450195
beta_grid_search_SP_INL_1e-3_p_200,1e-3,200,8,5,1.0,0.0002549290657043457,0.0006014704704284668
beta_grid_search_SP_INL_1e-3_p_200,1e-3,200,12,5,1.0,0.0002549290657043457,0.0006014704704284668
beta_grid_search_SP_INL_1e-3_p_200,1e-3,200,16,5,1.0,0.0002549290657043457,0.0002549290657043457
beta_grid_search_SP_INL_1e-3_p_200,1e-3,200,20,5,1.0,0.0002549290657043457,0.0002549290657043457
beta_grid_search_SP_INL_1e-3_p_50,1e-3,50,1,5,0.9566666666666667,0.0,0.0043108463287353516
beta_grid_search_SP_INL_1e-3_p_50,1e-3,50,2,5,0.9833333333333333,0.0,0.0043108463287353516
beta_grid_search_SP_INL_1e-3_p_50,1e-3,50,3,5,0.98,0.0,0.0043108463287353516
beta_grid_search_SP_INL_1e-3_p_50,1e-3,50,5,5,0.99,0.0,0.0005666017532348633
beta_grid_search_SP_INL_1e-3_p_50,1e-3,50,8,5,1.0,0.0,0.0005666017532348633
beta_grid_search_SP_INL_1e-3_p_50,1e-3,50,12,5,1.0,0.0,0.0
beta_grid_search_SP_INL_1e-3_p_50,1e-3,50,16,5,1.0,0.0,0.0
beta_grid_search_SP_INL_1e-3_p_50,1e-3,50,20,5,1.0,0.0,0.0
beta_grid_search_SP_INL_1e-4_p_100,1e-4,100,1,5,1.0,0.0001232624053955078,0.0005484223365783691
beta_grid_search_SP_INL_1e-4_p_100,1e-4,100,2,5,1.0,0.0001232624053955078,0.0005484223365783691
beta_grid_search_SP_INL_1e-4_p_100,1e-4,100,3,5,1.0,0.0001232624053955078,0.0005484223365783691
beta_grid_search_SP_INL_1e-4_p_100,1e-4,100,5,5,1.0,0.0001232624053955078,0.00033670663833618164
beta_grid_search_SP_INL_1e-4_p_100,1e-4,100,8,5,1.0,0.0001232624053955078,0.00033670663833618164
beta_grid_search_SP_INL_1e-4_p_100,1e-4,100,12,5,1.0,0.0001232624053955078,0.00033670663833618164
beta_grid_search_SP_INL_1e-4_p_100,1e-4,100,16,5,1.0,0.0001232624053955078,0.00033670663833618164
beta_grid_search_SP_INL_1e-4_p_100,1e-4,100,20,5,1.0,0.0001232624053955078,0.0001232624053955078
beta_grid_search_SP_INL_1e-4_p_200,1e-4,200,1,5,1.0,0.0008891820907592773,0.0014524459838867188
beta_grid_search_SP_INL_1e-4_p_200,1e-4,200,2,5,1.0,0.0005449652671813965,0.0008891820907592773
beta_grid_search_SP_INL_1e-4_p_200,1e-4,200,3,5,1.0,0.00023090839385986328,0.0008891820907592773
beta_grid_search_SP_INL_1e-4_p_200,1e-4,200,5,5,1.0,0.00023090839385986328,0.0008891820907592773
beta_grid_search_SP_INL_1e-4_p_200,1e-4,200,8,5,1.0,0.0,0.0008891820907592773
beta_grid_search_SP_INL_1e-4_p_200,1e-4,200,12,5,1.0,0.0,0.0008891820907592773
beta_grid_search_SP_INL_1e-4_p_200,1e-4,200,16,5,1.0,0.0,0.0
beta_grid_search_SP_INL_1e-4_p_200,1e-4,200,20,5,1.0,0.0,0.0
beta_grid_search_SP_INL_1e-4_p_50,1e-4,50,1,5,1.0,0.0008717775344848633,0.0020309090614318848
beta_grid_search_SP_INL_1e-4_p_50,1e-4,50,2,5,1.0,0.0008717775344848633,0.0008717775344848633
beta_grid_search_SP_INL_1e-4_p_50,1e-4,50,3,5,1.0,0.0008717775344848633,0.0008717775344848633
beta_grid_search_SP_INL_1e-4_p_50,1e-4,50,5,5,1.0,0.0008717775344848633,0.0008717775344848633
beta_grid_search_SP_INL_1e-4_p_50,1e-4,50,8,5,1.0,0.0008717775344848633,0.0008717775344848633
beta_grid_search_SP_INL_1e-4_p_50,1e-4,50,12,5,1.0,0.0008717775344848633,0.0008717775344848633
beta_grid_search_SP_INL_1e-4_p_50,1e-4,50,16,5,1.0,0.0008717775344848633,0.0008717775344848633
beta_grid_search_SP_INL_1e-4_p_50,1e-4,50,20,5,1.0,0.0008717775344848633,0.0008717775344848633
beta_grid_search_SP_INL_1e-5_p_100,1e-5,100,1,5,1.0,0.0005225539207458496,0.0005225539207458496
beta_grid_search_SP_INL_1e-5_p_100,1e-5,100,2,5,1.0,0.0005225539207458496,0.0005225539207458496
beta_grid_search_SP_INL_1e-5_p_100,1e-5,100,3,5,1.0,0.0005225539207458496,0.0005225539207458496
beta_grid_search_SP_INL_1e-5_p_100,1e-5,100,5,5,1.0,0.0005225539207458496,0.0005225539207458496
beta_grid_search_SP_INL_1e-5_p_100,1e-5,100,8,5,1.0,0.0005225539207458496,0.0005225539207458496
beta_grid_search_SP_INL_1e-5_p_100,1e-5,100,12,5,1.0,0.0005225539207458496,0.0005225539207458496
beta_grid_search_SP_INL_1e-5_p_100,1e-5,100,16,5,1.0,0.0005225539207458496,0.0005225539207458496
beta_grid_search_SP_INL_1e-5_p_100,1e-5,100,20,5,1.0,0.0005225539207458496,0.0005225539207458496
beta_grid_search_SP_INL_1e-5_p_200,1e-5,200,1,5,1.0,0.00026488304138183594,0.00046890974044799805
beta_grid_search_SP_INL_1e-5_p_200,1e-5,200,2,5,1.0,0.0003173351287841797,0.00046890974044799805
beta_grid_search_SP_INL_1e-5_p_200,1e-5,200,3,5,1.0,0.00026488304138183594,0.00046890974044799805
beta_grid_search_SP_INL_1e-5_p_200,1e-5,200,5,5,1.0,0.00026488304138183594,0.0003173351287841797
beta_grid_search_SP_INL_1e-5_p_200,1e-5,200,8,5,1.0,0.00026488304138183594,0.0003173351287841797
beta_grid_search_SP_INL_1e-5_p_200,1e-5,200,12,5,1.0,0.00026488304138183594,0.0003173351287841797
beta_grid_search_SP_INL_1e-5_p_200,1e-5,200,16,5,1.0,0.00026488304138183594,0.0003173351287841797
beta_grid_search_SP_INL_1e-5_p_200,1e-5,200,20,5,1.0,0.00026488304138183594,0.00026488304138183594
beta_grid_search_SP_INL_1e-5_p_50,1e-5,50,1,5,1.0,0.0017108321189880371,0.0017108321189880371
beta_grid_search_SP_INL_1e-5_p_50,1e-5,50,2,5,1.0,0.0017108321189880371,0.0017108321189880371
beta_grid_search_SP_INL_1e-5_p_50,1e-5,50,3,5,1.0,0.0017108321189880371,0.0017108321189880371
beta_grid_search_SP_INL_1e-5_p_50,1e-5,50,5,5,1.0,0.0017108321189880371,0.0017108321189880371
beta_grid_search_SP_INL_1e-5_p_50,1e-5,50,8,5,1.0,0.0017108321189880371,0.0017108321189880371
beta_grid_search_SP_INL_1e-5_p_50,1e-5,50,12,5,1.0,0.0017108321189880371,0.0017108321189880371
beta_grid_search_SP_INL_1e-5_p_50,1e-5,50,16,5,1.0,0.0017108321189880371,0.0017108321189880371
beta_grid_search_SP_INL_1e-5_p_50,1e-5,50,20,5,1.0,0.0017108321189880371,0.0017108321189880371
beta_grid_search_SP_INL_2e-1_p_100,2e-1,100,1,5,1.0,0.0,0.0014600753784179688
beta_grid_search_SP_INL_2e-1_p_100,2e-1,100,2,5,1.0,0.0,0.0014600753784179688
beta_grid_search_SP_INL_2e-1_p_100,2e-1,100,3,5,1.0,0.0,0.0014600753784179688
beta_grid_search_SP_INL_2e-1_p_100,2e-1,100,5,5,1.0,0.0,0.0014600753784179688
beta_grid_search_SP_INL_2e-1_p_100,2e-1,100,8,5,1.0,0.0,0.0
beta_grid_search_SP_INL_2e-1_p_100,2e-1,100,12,5,1.0,0.0,0.0
beta_grid_search_SP_INL_2e-1_p_100,2e-1,100,16,5,1.0,0.0,0.0
beta_grid_search_SP_INL_2e-1_p_100,2e-1,100,20,5,1.0,0.0,0.0
beta_grid_search_SP_INL_2e-1_p_200,2e-1,200,1,5,1.0,0.0,0.0034617185592651367
beta_grid_search_SP_INL_2e-1_p_200,2e-1,200,2,5,1.0,0.0,0.0034617185592651367
beta_grid_search_SP_INL_2e-1_p_200,2e-1,200,3,5,1.0,0.0,0.0034617185592651367
beta_grid_search_SP_INL_2e-1_p_200,2e-1,200,5,5,1.0,0.0,0.0
beta_grid_search_SP_INL_2e-1_p_200,2e-1,200,8,5,1.0,0.0,0.0
beta_grid_search_SP_INL_2e-1_p_200,2e-1,200,12,5,1.0,0.0,0.0
beta_grid_search_SP_INL_2e-1_p_200,2e-1,200,16,5,1.0,0.0,0.0
beta_grid_search_SP_INL_2e-1_p_200,2e-1,200,20,5,1.0,0.0,0.0
beta_grid_search_SP_INL_2e-1_p_50,2e-1,50,1,5,1.0,0.0,0.0
beta_grid_search_SP_INL_2e-1_p_50,2e-1,50,2,5,1.0,0.0,0.0
beta_grid_search_SP_INL_2e-1_p_50,2e-1,50,3,5,1.0,0.0,0.0
beta_grid_search_SP_INL_2e-1_p_50,2e-1,50,5,5,1.0,0.0,0.0
beta_grid_search_SP_INL_2e-1_p_50,2e-1,50,8,5,1.0,0.0,0.0
beta_grid_search_SP_INL_2e-1_p_50,2e-1,50,12,5,1.0,0.0,0.0
beta_grid_search_SP_INL_2e-1_p_50,2e-1,50,16,5,1.0,0.0,0.0
beta_grid_search_SP_INL_2e-1_p_50,2e-1,50,20,5,1.0,0.0,0.0
beta_grid_search_SP_INL_4.82e-6_p_100,4.82e-6,100,1,5,1.0,0.0005533695220947266,0.0005533695220947266
beta_grid_search_SP_INL_4.82e-6_p_100,4.82e-6,100,2,5,1.0,0.0005533695220947266,0.0005533695220947266
beta_grid_search_SP_INL_4.82e-6_p_100,4.82e-6,100,3,5,1.0,0.0005533695220947266,0.0005533695220947266
beta_grid_search_SP_INL_4.82e-6_p_100,4.82e-6,100,5,5,1.0,0.0005533695220947266,0.0005533695220947266
beta_grid_search_SP_INL_4.82e-6_p_100,4.82e-6,100,8,5,1.0,0.0005533695220947266,0.0005533695220947266
beta_grid_search_SP_INL_4.82e-6_p_100,4.82e-6,100,12,5,1.0,0.0005533695220947266,0.0005533695220947266
beta_grid_search_SP_INL_4.82e-6_p_100,4.82e-6,100,16,5,1.0,0.0005533695220947266,0.0005533695220947266
beta_grid_search_SP_INL_4.82e-6_p_100,4.82e-6,100,20,5,1.0,0.0005533695220947266,0.0005533695220947266
beta_grid_search_SP_INL_4.82e-6_p_200,4.82e-6,200,1,5,1.0,0.00011157989501953125,0.0003057122230529785
beta_grid_search_SP_INL_4.82e-6_p_200,4.82e-6,200,2,5,1.0,0.00011157989501953125,0.00029164552688598633
beta_grid_search_SP_INL_4.82e-6_p_200,4.82e-6,200,3,5,1.0,0.00011157989501953125,0.00029164552688598633
beta_grid_search_SP_INL_4.82e-6_p_200,4.82e-6,200,5,5,1.0,2.3305416107177734e-05,0.00011157989501953125
beta_grid_search_SP_INL_4.82e-6_p_200,4.82e-6,200,8,5,1.0,0.0,0.00011157989501953125
beta_grid_search_SP_INL_4.82e-6_p_200,4.82e-6,200,12,5,1.0,0.0,0.00011157989501953125
beta_grid_search_SP_INL_4.82e-6_p_200,4.82e-6,200,16,5,1.0,0.0,0.00011157989501953125
beta_grid_search_SP_INL_4.82e-6_p_200,4.82e-6,200,20,5,1.0,0.0,0.0
beta_grid_search_SP_INL_4.82e-6_p_50,4.82e-6,50,1,5,1.0,0.0007967352867126465,0.007569372653961182
beta_grid_search_SP_INL_4.82e-6_p_50,4.82e-6,50,2,5,1.0,0.0007967352867126465,0.007569372653961182
beta_grid_search_SP_INL_4.82e-6_p_50,4.82e-6,50,3,5,1.0,0.0007967352867126465,0.007569372653961182
beta_grid_search_SP_INL_4.82e-6_p_50,4.82e-6,50,5,5,1.0,0.0007967352867126465,0.007569372653961182
beta_grid_search_SP_INL_4.82e-6_p_50,4.82e-6,50,8,5,1.0,0.0007967352867126465,0.007569372653961182
beta_grid_search_SP_INL_4.82e-6_p_50,4.82e-6,50,12,5,1.0,0.0007967352867126465,0.0007967352867126465
beta_grid_search_SP_INL_4.82e-6_p_50,4.82e-6,50,16,5,1.0,0.0007967352867126465,0.0007967352867126465
beta_grid_search_SP_INL_4.82e-6_p_50,4.82e-6,50,20,5,1.0,0.0007967352867126465,0.0007967352867126465
beta_grid_search_SP_INL_5e-2_p_100,5e-2,100,1,5,1.0,0.0006673932075500488,0.0014398694038391113
beta_grid_search_SP_INL_5e-2_p_100,5e-2,100,2,5,1.0,0.00028067827224731445,0.0014398694038391113
beta_grid_search_SP_INL_5e-2_p_100,5e-2,100,3,5,1.0,0.00028067827224731445,0.0014398694038391113
beta_grid_search_SP_INL_5e-2_p_100,5e-2,100,5,5,1.0,0.00028067827224731445,0.0006673932075500488
beta_grid_search_SP_INL_5e-2_p_100,5e-2,100,8,5,1.0,0.00014033913612365723,0.0006673932075500488
beta_grid_search_SP_INL_5e-2_p_100,5e-2,100,12,5,1.0,0.0,0.0006673932075500488
beta_grid_search_SP_INL_5e-2_p_100,5e-2,100,16,5,1.0,0.0,0.0006673932075500488
beta_grid_search_SP_INL_5e-2_p_100,5e-2,100,20,5,1.0,0.0,0.0
beta_grid_search_SP_INL_5e-2_p_200,5e-2,200,1,5,0.9366666666666666,0.0004891157150268555,0.00215834379196167
beta_grid_search_SP_INL_5e-2_p_200,5e-2,200,2,5,0.9833333333333333,0.00037741661071777344,0.0009024739265441895
beta_grid_search_SP_INL_5e-2_p_200,5e-2,200,3,5,0.9933333333333333,0.00037741661071777344,0.0009024739265441895
beta_grid_search_SP_INL_5e-2_p_200,5e-2,200,5,5,1.0,0.00037741661071777344,0.0004891157150268555
beta_grid_search_SP_INL_5e-2_p_200,5e-2,200,8,5,1.0,0.00037741661071777344,0.0004891157150268555
beta_grid_search_SP_INL_5e-2_p_200,5e-2,200,12,5,1.0,0.00037741661071777344,0.0004891157150268555
beta_grid_search_SP_INL_5e-2_p_200,5e-2,200,16,5,1.0,0.00037741661071777344,0.00037741661071777344
beta_grid_search_SP_INL_5e-2_p_200,5e-2,200,20,5,1.0,0.00037741661071777344,0.00037741661071777344
beta_grid_search_SP_INL_5e-2_p_50,5e-2,50,1,5,1.0,0.0,0.0005782842636108398
beta_grid_search_SP_INL_5e-2_p_50,5e-2,50,2,5,1.0,0.0,0.0005782842636108398
beta_grid_search_SP_INL_5e-2_p_50,5e-2,50,3,5,1.0,0.0,0.0
beta_grid_search_SP_INL_5e-2_p_50,5e-2,50,5,5,1.0,0.0,0.0
beta_grid_search_SP_INL_5e-2_p_50,5e-2,50,8,5,1.0,0.0,0.0
beta_grid_search_SP_INL_5e-2_p_50,5e-2,50,12,5,1.0,0.0,0.0
beta_grid_search_SP_INL_5e-2_p_50,5e-2,50,16,5,1.0,0.0,0.0
beta_grid_search_SP_INL_5e-2_p_50,5e-2,50,20,5,1.0,0.0,0.0
beta_grid_search_SP_INL_5e-3_p_100,5e-3,100,1,5,0.9033333333333333,5.6684017181396484e-05,0.004505157470703125
beta_grid_search_SP_INL_5e-3_p_100,5e-3,100,2,5,0.9666666666666667,5.6684017181396484e-05,0.004505157470703125
beta_grid_search_SP_INL_5e-3_p_100,5e-3,100,3,5,0.9866666666666667,5.6684017181396484e-05,0.0025134682655334473
beta_grid_search_SP_INL_5e-3_p_100,5e-3,100,5,5,0.9966666666666667,5.6684017181396484e-05,0.0025134682655334473
beta_grid_search_SP_INL_5e-3_p_100,5e-3,100,8,5,1.0,5.6684017181396484e-05,0.0010216832160949707
beta_grid_search_SP_INL_5e-3_p_100,5e-3,100,12,5,1.0,5.6684017181396484e-05,5.6684017181396484e-05
beta_grid_search_SP_INL_5e-3_p_100,5e-3,100,16,5,1.0,0.0,5.6684017181396484e-05
beta_grid_search_SP_INL_5e-3_p_100,5e-3,100,20,5,1.0,0.0,0.0
beta_grid_search_SP_INL_5e-3_p_200,5e-3,200,1,5,1.0,0.0003548860549926758,0.0020850300788879395
beta_grid_search_SP_INL_5e-3_p_200,5e-3,200,2,5,1.0,0.00018650293350219727,0.0011066198348999023
beta_grid_search_SP_INL_5e-3_p_200,5e-3,200,3,5,1.0,0.00018650293350219727,0.0007765889167785645
beta_grid_search_SP_INL_5e-3_p_200,5e-3,200,5,5,1.0,0.00018650293350219727,0.0005191564559936523
beta_grid_search_SP_INL_5e-3_p_200,5e-3,200,8,5,1.0,0.00018650293350219727,0.00024240612983704313
beta_grid_search_SP_INL_5e-3_p_200,5e-3,200,12,5,1.0,0.00018650293350219727,0.0002116560935974121
beta_grid_search_SP_INL_5e-3_p_200,5e-3,200,16,5,1.0,0.0002116560935974121,0.0002116560935974121
beta_grid_search_SP_INL_5e-3_p_200,5e-3,200,20,5,1.0,0.0002116560935974121,0.0002116560935974121
beta_grid_search_SP_INL_5e-3_p_50,5e-3,50,1,5,0.43333333333333335,0.01478499174118042,0.03726596832275446
beta_grid_search_SP_INL_5e-3_p_50,5e-3,50,2,5,0.6366666666666667,0.000825047492980957,0.03484821319580078
beta_grid_search_SP_INL_5e-3_p_50,5e-3,50,3,5,0.64,0.000825047492980957,0.01478499174118042
beta_grid_search_SP_INL_5e-3_p_50,5e-3,50,5,5,0.82,0.000825047492980957,0.01478499174118042
beta_grid_search_SP_INL_5e-3_p_50,5e-3,50,8,5,0.9333333333333333,0.000825047492980957,0.000825047492980957
beta_grid_search_SP_INL_5e-3_p_50,5e-3,50,12,5,0.9866666666666667,0.000825047492980957,0.000825047492980957
beta_grid_search_SP_INL_5e-3_p_50,5e-3,50,16,5,1.0,0.000825047492980957,0.000825047492980957
beta_grid_search_SP_INL_5e-3_p_50,5e-3,50,20,5,1.0,0.000825047492980957,0.000825047492980957
beta_grid_search_SP_INL_5e-4_p_100,5e-4,100,1,5,1.0,0.00029087066650390625,0.0019909143447875977
beta_grid_search_SP_INL_5e-4_p_100,5e-4,100,2,5,1.0,0.00029087066650390625,0.0019909143447875977
beta_grid_search_SP_INL_5e-4_p_100,5e-4,100,3,5,1.0,0.00029087066650390625,0.0019909143447875977
beta_grid_search_SP_INL_5e-4_p_100,5e-4,100,5,5,1.0,0.0,0.0006467103958129883
beta_grid_search_SP_INL_5e-4_p_100,5e-4,100,8,5,1.0,0.0,0.0006467103958129883
beta_grid_search_SP_INL_5e-4_p_100,5e-4,100,12,5,1.0,0.0,0.0
beta_grid_search_SP_INL_5e-4_p_100,5e-4,100,16,5,1.0,0.0,0.0
beta_grid_search_SP_INL_5e-4_p_100,5e-4,100,20,5,1.0,0.0,0.0
beta_grid_search_SP_INL_5e-4_p_200,5e-4,200,1,5,0.99,0.001491844654083252,0.005069315433502197
beta_grid_search_SP_INL_5e-4_p_200,5e-4,200,2,5,1.0,0.0010843276977539062,0.0037260055541992188
beta_grid_search_SP_INL_5e-4_p_200,5e-4,200,3,5,1.0,0.0010843276977539062,0.0030509233474731445
beta_grid_search_SP_INL_5e-4_p_200,5e-4,200,5,5,1.0,0.0010668635368347168,0.001491844654083252
beta_grid_search_SP_INL_5e-4_p_200,5e-4,200,8,5,1.0,0.0010668635368347168,0.0010843276977539062
beta_grid_search_SP_INL_5e-4_p_200,5e-4,200,12,5,1.0,0.0010668635368347168,0.0010843276977539062
beta_grid_search_SP_INL_5e-4_p_200,5e-4,200,16,5,1.0,0.0010668635368347168,0.0010843276977539062
beta_grid_search_SP_INL_5e-4_p_200,5e-4,200,20,5,1.0,0.0005567669868469238,0.0005567669868469238
beta_grid_search_SP_INL_5e-4_p_50,5e-4,50,1,5,0.5333333333333333,0.008123338222503662,0.04851406812667847
beta_grid_search_SP_INL_5e-4_p_50,5e-4,50,2,5,0.74,0.008123338222503662,0.023469090461730957
beta_grid_search_SP_INL_5e-4_p_50,5e-4,50,3,5,0.7466666666666667,0.003108203411102295,0.023469090461730957
beta_grid_search_SP_INL_5e-4_p_50,5e-4,50,5,5,0.87,0.0,0.023469090461730957
beta_grid_search_SP_INL_5e-4_p_50,5e-4,50,8,5,0.9733333333333334,0.0,0.008123338222503662
beta_grid_search_SP_INL_5e-4_p_50,5e-4,50,12,5,0.98,0.0,0.0
beta_grid_search_SP_INL_5e-4_p_50,5e-4,50,16,5,1.0,0.0,0.0
beta_grid_search_SP_INL_5e-4_p_50,5e-4,50,20,5,1.0,0.0,0.0
beta_grid_search_SP_INL_5e-5_p_100,5e-5,100,1,5,1.0,1.6748905181884766e-05,0.00036919116973876953
beta_grid_search_SP_INL_5e-5_p_100,5e-5,100,2,5,1.0,1.6748905181884766e-05,0.00036919116973876953
beta_grid_search_SP_INL_5e-5_p_100,5e-5,100,3,5,1.0,0.0,0.000308990478515625
beta_grid_search_SP_INL_5e-5_p_100,5e-5,100,5,5,1.0,0.0,1.6748905181884766e-05
beta_grid_search_SP_INL_5e-5_p_100,5e-5,100,8,5,1.0,0.0,1.6748905181884766e-05
beta_grid_search_SP_INL_5e-5_p_100,5e-5,100,12,5,1.0,0.0,0.0
beta_grid_search_SP_INL_5e-5_p_100,5e-5,100,16,5,1.0,0.0,0.0
beta_grid_search_SP_INL_5e-5_p_100,5e-5,100,20,5,1.0,0.0,0.0
beta_grid_search_SP_INL_5e-5_p_200,5e-5,200,1,5,1.0,0.00022846460342407227,0.0009824633598327637
beta_grid_search_SP_INL_5e-5_p_200,5e-5,200,2,5,1.0,0.00022846460342407227,0.0009824633598327637
beta_grid_search_SP_INL_5e-5_p_200,5e-5,200,3,5,1.0,0.00022846460342407227,0.0009824633598327637
beta_grid_search_SP_INL_5e-5_p_200,5e-5,200,5,5,1.0,0.00022846460342407227,0.0005224347114562988
beta_grid_search_SP_INL_5e-5_p_200,5e-5,200,8,5,1.0,0.00022846460342407227,0.0002547919750213683
beta_grid_search_SP_INL_5e-5_p_200,5e-5,200,12,5,1.0,0.00022846460342407227,0.00022846460342407227
beta_grid_search_SP_INL_5e-5_p_200,5e-5,200,16,5,1.0,0.00020080804824829102,0.00022846460342407227
beta_grid_search_SP_INL_5e-5_p_200,5e-5,200,20,5,1.0,0.00020080804824829102,0.00020080804824829102
beta_grid_search_SP_INL_5e-5_p_50,5e-5,50,1,5,1.0,0.0001525282859802246,0.0005973577499389648
beta_grid_search_SP_INL_5e-5_p_50,5e-5,50,2,5,1.0,0.0,0.0001525282859802246
beta_grid_search_SP_INL_5e-5_p_50,5e-5,50,3,5,1.0,0.0,0.0001525282859802246
beta_grid_search_SP_INL_5e-5_p_50,5e-5,50,5,5,1.0,0.0001525282859802246,0.0001525282859802246
beta_grid_search_SP_INL_5e-5_p_50,5e-5,50,8,5,1.0,0.0,0.0001525282859802246
beta_grid_search_SP_INL_5e-5_p_50,5e-5,50,12,5,1.0,0.0,0.0001525282859802246
beta_grid_search_SP_INL_5e-5_p_50,5e-5,50,16,5,1.0,0.0,0.0001525282859802246
beta_grid_search_SP_INL_5e-5_p_50,5e-5,50,20,5,1.0,0.0,0.0
