inl_tag,carpeta,pulsos_pot,beta,n,series,media,std,iqr,skew,kurtosis,shapiro_p
1e-2,beta_grid_search_SP_INL_1e-2_p_100,100,1.0,100,20,0.6461509,0.0042145513,0.005291655659675598,-0.1253036073049767,0.48428932672973124,0.8047367942316125
1e-2,beta_grid_search_SP_INL_1e-2_p_100,100,50.0,100,20,0.83202255,0.0031889835,0.004666686058044434,-0.3060047355125254,-0.34110141734739763,0.23568527938579326
1e-2,beta_grid_search_SP_INL_1e-2_p_100,100,100.0,100,20,0.8765117,0.0027911018,0.0033333301544189453,-0.46303901437119765,0.17570403802008494,0.05620274133191185
1e-2,beta_grid_search_SP_INL_1e-2_p_100,100,150.0,100,20,0.8943641,0.0027272839,0.0027499794960021973,-0.04819471308272812,0.4695207989839818,0.2888200696862945
1e-2,beta_grid_search_SP_INL_1e-2_p_100,100,200.0,100,20,0.90256166,0.0028627557,0.0031249672174453735,-0.4790837746805409,1.3931212256314058,0.026911961137535627
1e-2,beta_grid_search_SP_INL_1e-2_p_100,100,250.0,100,20,0.9064567,0.0027532587,0.0030624717473983765,-0.6359494299342078,1.3224988618805629,0.04665841661720393
1e-2,beta_grid_search_SP_INL_1e-2_p_100,100,300.0,100,20,0.9083549,0.0030609597,0.002958357334136963,-1.153884641521051,3.260507677866161,4.2712789380759015e-05
1e-2,beta_grid_search_SP_INL_1e-2_p_100,100,350.0,100,20,0.90906656,0.0037546465,0.005437523126602173,-0.7422970821311732,1.3372024309936892,0.00771428002204962
1e-2,beta_grid_search_SP_INL_1e-2_p_100,100,400.0,100,20,0.9084584,0.004529344,0.005541682243347168,-0.8732892933926755,1.1481668439663082,0.0008096403635016684
1e-2,beta_grid_search_SP_INL_1e-2_p_100,100,450.0,100,20,0.9081917,0.004541949,0.005166664719581604,-1.2851363297774754,2.8417578760122426,2.1804057375517135e-05
1e-2,beta_grid_search_SP_INL_1e-2_p_100,100,500.0,100,20,0.90664506,0.005648486,0.0066666752099990845,-0.8130417881211931,1.1582068493808153,0.005122123461646612
1e-2,beta_grid_search_SP_INL_1e-2_p_100,100,550.0,100,20,0.903995,0.0066189324,0.008874982595443726,-0.5810578980024251,-0.22094134618596506,0.00396906297845443
1e-2,beta_grid_search_SP_INL_1e-2_p_100,100,600.0,100,20,0.90059173,0.0072582215,0.011354178190231323,-0.17978345246044447,-0.8514226092616224,0.06291148341313804
1e-2,beta_grid_search_SP_INL_1e-2_p_100,100,650.0,100,20,0.89700586,0.008868926,0.014541685581207275,-0.012030494986192799,-0.8289750652494803,0.20304869973521272
1e-2,beta_grid_search_SP_INL_1e-2_p_100,100,700.0,100,20,0.8925667,0.009749437,0.01472918689250946,-0.331793482436877,-0.5944240233850882,0.03706895242143843
1e-2,beta_grid_search_SP_INL_1e-2_p_100,100,750.0,100,20,0.88676995,0.011523011,0.018937498331069946,-0.16792940982721483,-0.9195051912747116,0.03367159801748653
1e-2,beta_grid_search_SP_INL_1e-2_p_100,100,800.0,100,20,0.8802733,0.014724156,0.023958325386047363,0.10989430898366279,-0.971739454946746,0.008025050143475272
1e-2,beta_grid_search_SP_INL_1e-2_p_100,100,850.0,100,20,0.8724516,0.015905932,0.020041704177856445,-0.1399680183886119,-0.4956909881863556,0.2524877269907514
1e-2,beta_grid_search_SP_INL_1e-2_p_100,100,900.0,100,20,0.8633366,0.019846246,0.02510419487953186,-0.013949781338505173,-0.46055201625652487,0.08167121151573109
1e-2,beta_grid_search_SP_INL_1e-2_p_100,100,950.0,100,20,0.84935415,0.020073427,0.02889581024646759,-0.008635475812971534,-0.5158960917010078,0.5807143338787544
1e-2,beta_grid_search_SP_INL_1e-2_p_100,100,1000.0,100,20,0.8421125,0.02152043,0.02529163658618927,0.33644261349204646,0.10038484930624092,0.11723329639402491
1e-2,beta_grid_search_SP_INL_1e-2_p_100,100,1050.0,100,20,0.82668746,0.027242959,0.037895843386650085,0.39794319092447683,-0.028611432742313703,0.11671488265439817
1e-2,beta_grid_search_SP_INL_1e-2_p_100,100,1100.0,100,20,0.81733835,0.025568625,0.035374969244003296,0.2120272605168881,-0.09734214749028647,0.6111917153640628
1e-2,beta_grid_search_SP_INL_1e-2_p_100,100,1150.0,100,20,0.80548406,0.023366727,0.03368750214576721,0.24652172430276142,-0.060360436234203174,0.4728606159178617
1e-2,beta_grid_search_SP_INL_1e-2_p_100,100,1200.0,100,20,0.79644585,0.024556221,0.025479182600975037,0.46105081863059666,0.9277159136274231,0.018747469047774832
1e-2,beta_grid_search_SP_INL_1e-2_p_100,100,1250.0,100,20,0.7936724,0.023125289,0.028729185461997986,0.5081246250250605,0.9604094463102681,0.07986973823970799
1e-2,beta_grid_search_SP_INL_1e-2_p_100,100,1300.0,100,20,0.77688414,0.024091508,0.028104156255722046,-0.21325778863458741,0.10646049240684397,0.8387879757073309
1e-2,beta_grid_search_SP_INL_1e-2_p_100,100,1350.0,100,20,0.77188414,0.025888273,0.027187511324882507,-0.060641885267953125,0.40576863466219537,0.23984867332307652
1e-2,beta_grid_search_SP_INL_1e-2_p_100,100,1400.0,100,20,0.7679042,0.025122203,0.03564581274986267,0.41135934688311826,0.9284271177062551,0.0719650835189741
1e-2,beta_grid_search_SP_INL_1e-2_p_100,100,1450.0,100,20,0.76017,0.026721353,0.033854201436042786,0.5416164538536516,1.3411043823928397,0.06028120655083412
1e-2,beta_grid_search_SP_INL_1e-2_p_100,100,1500.0,100,20,0.7567883,0.027416784,0.02937498688697815,0.6867822308158151,2.789848459832773,0.0017015107575009466
1e-2,beta_grid_search_SP_INL_1e-2_p_100,100,1550.0,100,20,0.75198257,0.027042307,0.03352080285549164,0.11424702599775738,-0.180643673167443,0.769235397414091
1e-2,beta_grid_search_SP_INL_1e-2_p_100,100,1600.0,100,20,0.7455009,0.026375594,0.031291648745536804,0.9579906407618528,2.8972824424462553,0.0012064140068529085
1e-2,beta_grid_search_SP_INL_1e-2_p_100,100,1650.0,100,20,0.7365291,0.028971052,0.03760415315628052,0.24266499824751964,0.024673338173963444,0.6793349248564062
1e-2,beta_grid_search_SP_INL_1e-2_p_100,100,1700.0,100,20,0.7326483,0.027323646,0.032458335161209106,0.42340080657413376,1.0386331365590715,0.14772910811219236
1e-2,beta_grid_search_SP_INL_1e-2_p_100,100,1750.0,100,20,0.7296966,0.031742822,0.0337500125169754,0.35371713818477496,0.27480273457849025,0.15298107238531378
1e-2,beta_grid_search_SP_INL_1e-2_p_100,100,1800.0,100,20,0.7232517,0.027880212,0.03939582407474518,-0.557718972303082,0.2502703246332043,0.057262765273200664
1e-2,beta_grid_search_SP_INL_1e-2_p_100,100,1850.0,100,20,0.7202617,0.027559672,0.03358332812786102,-0.127916983364671,-0.22172454371359684,0.4336648840887328
1e-2,beta_grid_search_SP_INL_1e-2_p_100,100,1900.0,100,20,0.7201617,0.029932294,0.02974998950958252,0.9379034122580712,2.2675856488151753,0.000420474291633093
1e-2,beta_grid_search_SP_INL_1e-2_p_100,100,1950.0,100,20,0.71546423,0.02963306,0.03864583373069763,-0.3463773427677324,-0.1188311336449801,0.3564109607993683
1e-2,beta_grid_search_SP_INL_1e-2_p_200,200,1.0,100,20,0.64622915,0.0043270667,0.005937486886978149,-0.0690837130693489,0.4199979664625526,0.8588142168282511
1e-2,beta_grid_search_SP_INL_1e-2_p_200,200,50.0,100,20,0.8325901,0.0031056395,0.004104167222976685,-0.08701922745539072,-0.4808913699596866,0.6837329037457134
1e-2,beta_grid_search_SP_INL_1e-2_p_200,200,100.0,100,20,0.8772359,0.0028230927,0.0033541619777679443,-0.3512917649783183,-0.2690904056797816,0.25855547897669867
1e-2,beta_grid_search_SP_INL_1e-2_p_200,200,150.0,100,20,0.89573586,0.0025184245,0.003000020980834961,-0.06643019765508638,0.30481476093751114,0.614989581831614
1e-2,beta_grid_search_SP_INL_1e-2_p_200,200,200.0,100,20,0.90457654,0.0024759686,0.003104180097579956,0.08060801347499619,0.6707335379845509,0.46875177177247557
1e-2,beta_grid_search_SP_INL_1e-2_p_200,200,250.0,100,20,0.90886587,0.0025415719,0.003083348274230957,-0.03159238754238114,0.5773507293424252,0.58186896362382
1e-2,beta_grid_search_SP_INL_1e-2_p_200,200,300.0,100,20,0.91148585,0.002540719,0.003229185938835144,-0.2697854302282687,0.71132328887172,0.629943104377389
1e-2,beta_grid_search_SP_INL_1e-2_p_200,200,350.0,100,20,0.91318506,0.0025260043,0.003416717052459717,-0.2483229406048015,0.39427058709239793,0.6773148717288213
1e-2,beta_grid_search_SP_INL_1e-2_p_200,200,400.0,100,20,0.9142766,0.00253726,0.003145843744277954,-0.4212628571644995,1.0039276920747309,0.23868563132229326
1e-2,beta_grid_search_SP_INL_1e-2_p_200,200,450.0,100,20,0.9151116,0.0024070924,0.002895861864089966,-0.42254297069022806,0.8445007643151157,0.26946219095172486
1e-2,beta_grid_search_SP_INL_1e-2_p_200,200,500.0,100,20,0.9155916,0.0024739264,0.003500044345855713,-0.30788100695145215,0.45025001257559305,0.6805778892028664
1e-2,beta_grid_search_SP_INL_1e-2_p_200,200,550.0,100,20,0.9158909,0.002398225,0.0037083029747009277,-0.27408162224634386,0.18755175951206704,0.5045898949100969
1e-2,beta_grid_search_SP_INL_1e-2_p_200,200,600.0,100,20,0.9160475,0.0028506164,0.003791630268096924,-0.6573584175178014,1.034013096581484,0.04583252283489096
1e-2,beta_grid_search_SP_INL_1e-2_p_200,200,650.0,100,20,0.9161115,0.0028261994,0.003104180097579956,-0.5903607728868586,1.1334554359014497,0.06916184521445692
1e-2,beta_grid_search_SP_INL_1e-2_p_200,200,700.0,100,20,0.9159409,0.003059373,0.0040208399295806885,-0.363956573485883,0.10915179180166135,0.3811404333097086
1e-2,beta_grid_search_SP_INL_1e-2_p_200,200,750.0,100,20,0.9162667,0.002963254,0.0040000081062316895,-0.8018294565016899,1.033240681305962,0.006313939729878822
1e-2,beta_grid_search_SP_INL_1e-2_p_200,200,800.0,100,20,0.91601336,0.003166016,0.004124954342842102,-0.5973154099167683,0.6016918324709084,0.06751441474549626
1e-2,beta_grid_search_SP_INL_1e-2_p_200,200,850.0,100,20,0.91534257,0.0034496319,0.004187494516372681,-0.8284036279279099,1.2728262937388788,0.0019566158404584464
1e-2,beta_grid_search_SP_INL_1e-2_p_200,200,900.0,100,20,0.9155568,0.0035407834,0.004374980926513672,-0.4319373474598145,0.36784968075776403,0.43422791079443485
1e-2,beta_grid_search_SP_INL_1e-2_p_200,200,950.0,100,20,0.91446584,0.004255107,0.0059999823570251465,-0.45881631765596503,-0.1228995045481609,0.09038563282481987
1e-2,beta_grid_search_SP_INL_1e-2_p_200,200,1000.0,100,20,0.9146408,0.004066295,0.004604145884513855,-0.9751166592678702,2.4121179068056176,0.0007811673921908712
1e-2,beta_grid_search_SP_INL_1e-2_p_200,200,1050.0,100,20,0.91395247,0.004104458,0.005687505006790161,-0.3477822235103187,-0.23837809868747017,0.2984575582356058
1e-2,beta_grid_search_SP_INL_1e-2_p_200,200,1100.0,100,20,0.91329986,0.004862116,0.006104141473770142,-0.5365570868045972,0.7360197644836757,0.009805962737030922
1e-2,beta_grid_search_SP_INL_1e-2_p_200,200,1150.0,100,20,0.91239583,0.0041238954,0.005000054836273193,-0.5121027745462168,-0.01898692958409942,0.04967302474154811
1e-2,beta_grid_search_SP_INL_1e-2_p_200,200,1200.0,100,20,0.9114241,0.0057186917,0.005791664123535156,-1.172565423516672,2.7563120185886287,6.49045648520294e-05
1e-2,beta_grid_search_SP_INL_1e-2_p_200,200,1250.0,100,20,0.9107492,0.005885796,0.007895812392234802,-0.5490768654128415,-0.29524355743492414,0.009155871654445341
1e-2,beta_grid_search_SP_INL_1e-2_p_200,200,1300.0,100,20,0.9099667,0.0061300783,0.009249985218048096,-0.32928697666516843,-0.31051234114628556,0.23473904762568026
1e-2,beta_grid_search_SP_INL_1e-2_p_200,200,1350.0,100,20,0.9092709,0.00614338,0.008270829916000366,-0.8204007746215347,0.6146090132924216,0.0023115268198802895
1e-2,beta_grid_search_SP_INL_1e-2_p_200,200,1400.0,100,20,0.90825087,0.00759845,0.011312514543533325,-0.7810080480462748,-0.08917507530801183,8.193806629277886e-05
1e-2,beta_grid_search_SP_INL_1e-2_p_200,200,1450.0,100,20,0.9066717,0.008200614,0.01204170286655426,-0.7734094474933084,0.4235105840751219,0.0008065471762952072
1e-2,beta_grid_search_SP_INL_1e-2_p_200,200,1500.0,100,20,0.90298754,0.00847795,0.013437509536743164,-0.144404061656021,-0.923218597364555,0.027471490798636717
1e-2,beta_grid_search_SP_INL_1e-2_p_200,200,1550.0,100,20,0.9021334,0.010140997,0.016374975442886353,-0.40464152792370556,-0.866456253039726,0.002089653712220291
1e-2,beta_grid_search_SP_INL_1e-2_p_200,200,1600.0,100,20,0.8984167,0.011574497,0.016749992966651917,-0.6232547541198399,-0.23737284046665996,0.0010208995524682728
1e-2,beta_grid_search_SP_INL_1e-2_p_200,200,1650.0,100,20,0.8949467,0.010808887,0.013416662812232971,-0.2808052108707519,0.0030023350363586054,0.4423911391884753
1e-2,beta_grid_search_SP_INL_1e-2_p_200,200,1700.0,100,20,0.89135414,0.013257673,0.015041664242744446,-0.6830692638313969,1.1020529329759778,0.010730853327990834
1e-2,beta_grid_search_SP_INL_1e-2_p_200,200,1750.0,100,20,0.8875874,0.013236231,0.01689581573009491,-0.24467384450391066,-0.552365181500142,0.17904647474231578
1e-2,beta_grid_search_SP_INL_1e-2_p_200,200,1800.0,100,20,0.8850925,0.015349318,0.023125022649765015,-0.22040063404432192,-0.6123856500056952,0.10636845928179994
1e-2,beta_grid_search_SP_INL_1e-2_p_200,200,1850.0,100,20,0.88250166,0.014812145,0.02183331549167633,-0.02433996277517205,-0.6747402586843423,0.07185861467796596
1e-2,beta_grid_search_SP_INL_1e-2_p_200,200,1900.0,100,20,0.87686574,0.01699878,0.02139584720134735,-0.06737073318682725,-0.15030628011465064,0.5819452021415685
1e-2,beta_grid_search_SP_INL_1e-2_p_200,200,1950.0,100,20,0.87281764,0.01725409,0.020083367824554443,-0.1516217019145242,0.08149218825575755,0.3432053404741787
1e-2,beta_grid_search_SP_INL_1e-2_p_50,50,1.0,100,20,0.64591086,0.004293821,0.005604177713394165,-0.19876366246086702,0.4409270941625256,0.6905656418853425
1e-2,beta_grid_search_SP_INL_1e-2_p_50,50,50.0,100,20,0.83086836,0.003578372,0.005020827054977417,-0.3927628639901371,-0.2863277033207279,0.07352547740987692
1e-2,beta_grid_search_SP_INL_1e-2_p_50,50,100.0,100,20,0.87420577,0.0034036878,0.0038125216960906982,-0.6524645964577177,0.49814842743530363,0.01512447792715338
1e-2,beta_grid_search_SP_INL_1e-2_p_50,50,150.0,100,20,0.88984495,0.0034309174,0.0037291496992111206,-0.6123693135215452,0.6479294327579095,0.04250510714704393
1e-2,beta_grid_search_SP_INL_1e-2_p_50,50,200.0,100,20,0.8945275,0.0053521106,0.006270810961723328,-1.2435117814409318,2.357599825008286,1.1902812879178442e-05
1e-2,beta_grid_search_SP_INL_1e-2_p_50,50,250.0,100,20,0.8946592,0.0069893417,0.00970834493637085,-0.6844211895320508,-0.24820735468796418,0.0006951291589118602
1e-2,beta_grid_search_SP_INL_1e-2_p_50,50,300.0,100,20,0.88399255,0.009377206,0.013729184865951538,-0.3520145072837285,-0.10911441416260592,0.4420666585957655
1e-2,beta_grid_search_SP_INL_1e-2_p_50,50,350.0,100,20,0.86500907,0.013317972,0.01741667091846466,-0.06819332766539997,-0.20640518463823554,0.8823849815196503
1e-2,beta_grid_search_SP_INL_1e-2_p_50,50,400.0,100,20,0.83065677,0.01948959,0.02364581823348999,0.03468934027343386,-0.06475622069336096,0.7829065438499074
1e-2,beta_grid_search_SP_INL_1e-2_p_50,50,450.0,100,20,0.79614747,0.019345628,0.024249985814094543,0.2122264194425513,-0.10853083284350262,0.7605770601451629
1e-2,beta_grid_search_SP_INL_1e-2_p_50,50,500.0,100,20,0.7651584,0.0230209,0.03206247091293335,-0.19793718794846696,-0.32683532398691106,0.8258218213200348
1e-2,beta_grid_search_SP_INL_1e-2_p_50,50,550.0,100,20,0.73632085,0.025132027,0.028166666626930237,-0.03311582797366621,0.5062168939102136,0.06095796663268356
1e-2,beta_grid_search_SP_INL_1e-2_p_50,50,600.0,100,20,0.70792747,0.027349878,0.03187499940395355,0.29630877917283294,-0.07065920116470892,0.35043669848951225
1e-2,beta_grid_search_SP_INL_1e-2_p_50,50,650.0,100,20,0.6792424,0.032145962,0.043895795941352844,-0.05533584930688108,-0.35903900914315345,0.2548833103828102
1e-2,beta_grid_search_SP_INL_1e-2_p_50,50,700.0,100,20,0.6554241,0.028403496,0.04208332300186157,-0.3566780072692048,-0.27443649369065914,0.19792992336695786
1e-2,beta_grid_search_SP_INL_1e-2_p_50,50,750.0,100,20,0.6403575,0.033220075,0.04760415852069855,-0.34180621693131985,-0.38357025256917554,0.07124280772556324
1e-2,beta_grid_search_SP_INL_1e-2_p_50,50,800.0,100,20,0.6188983,0.034593828,0.04491668939590454,0.024506183994729522,-0.5240581434064087,0.5660034291733353
1e-2,beta_grid_search_SP_INL_1e-2_p_50,50,850.0,100,20,0.6045784,0.03614027,0.052520811557769775,0.053348735502183074,-0.5257836047448712,0.6898763192496131
1e-2,beta_grid_search_SP_INL_1e-2_p_50,50,900.0,100,20,0.59043837,0.03758616,0.05599997937679291,-0.07056199999034925,-0.6314261198423923,0.3288889419661739
1e-2,beta_grid_search_SP_INL_1e-2_p_50,50,950.0,100,20,0.5757617,0.03843998,0.049562543630599976,0.16076094718159667,-0.4029148311719486,0.16896869841133777
1e-2,beta_grid_search_SP_INL_1e-2_p_50,50,1000.0,100,20,0.5691792,0.0407742,0.06183333694934845,0.04935024507071914,-0.7760287708240039,0.17440443046543935
1e-2,beta_grid_search_SP_INL_1e-2_p_50,50,1050.0,100,20,0.5611183,0.03877751,0.05143749713897705,-0.1961342462085022,-0.4730349165229235,0.21306514724046766
1e-2,beta_grid_search_SP_INL_1e-2_p_50,50,1100.0,100,20,0.5540417,0.042164538,0.058812499046325684,-0.00903092001879937,-0.6065261082331772,0.5212862944545373
1e-2,beta_grid_search_SP_INL_1e-2_p_50,50,1150.0,100,20,0.5435075,0.04036413,0.06024999916553497,-0.14449328477206994,-0.561505902600496,0.2646769303229339
1e-2,beta_grid_search_SP_INL_1e-2_p_50,50,1200.0,100,20,0.54051745,0.040575493,0.05279164016246796,0.09352592970877102,0.0024862004106762647,0.8042524526383097
1e-2,beta_grid_search_SP_INL_1e-2_p_50,50,1250.0,100,20,0.5342392,0.040082306,0.0562082976102829,-0.3149952637117013,-0.12280363550485252,0.556728006729621
1e-2,beta_grid_search_SP_INL_1e-2_p_50,50,1300.0,100,20,0.52898,0.04260907,0.05966666340827942,-0.43058895712716866,-0.20393164204739866,0.11690830120429357
1e-2,beta_grid_search_SP_INL_1e-2_p_50,50,1350.0,100,20,0.521755,0.04135997,0.06102084368467331,-0.5454850751321947,-0.2325666661582395,0.023545058065306556
1e-2,beta_grid_search_SP_INL_1e-2_p_50,50,1400.0,100,20,0.51754916,0.045398016,0.06710416078567505,-0.44563017445641007,-0.28440137801675736,0.07005357345929339
1e-2,beta_grid_search_SP_INL_1e-2_p_50,50,1450.0,100,20,0.50812,0.042032007,0.0690624937415123,-0.24041638036606358,-0.5057941308632041,0.21911339800982838
1e-2,beta_grid_search_SP_INL_1e-2_p_50,50,1500.0,100,20,0.50681996,0.0446238,0.06491667777299881,-0.3667926422605104,-0.11170074434389043,0.2471229323568223
1e-2,beta_grid_search_SP_INL_1e-2_p_50,50,1550.0,100,20,0.50635916,0.044376116,0.06274998188018799,-0.3508154271679366,-0.24932715239197512,0.21416753123124188
1e-2,beta_grid_search_SP_INL_1e-2_p_50,50,1600.0,100,20,0.5016367,0.04902924,0.06539583951234818,-0.2877054144040798,-0.2712971516229623,0.5259487539393711
1e-2,beta_grid_search_SP_INL_1e-2_p_50,50,1650.0,100,20,0.4983083,0.04691841,0.06352081149816513,-0.2978632680418331,-0.011581279924716803,0.5697795054816392
1e-2,beta_grid_search_SP_INL_1e-2_p_50,50,1700.0,100,20,0.49533245,0.04769582,0.0717083215713501,-0.21479709621428814,-0.2894616165256534,0.7179918175352815
1e-2,beta_grid_search_SP_INL_1e-2_p_50,50,1750.0,100,20,0.49145085,0.04781564,0.0649375170469284,-0.36331318372214777,-0.10974260960014437,0.3848553087207123
1e-2,beta_grid_search_SP_INL_1e-2_p_50,50,1800.0,100,20,0.49596,0.051519923,0.06445831060409546,-0.5368670763956283,0.1654853273933603,0.06077440755325571
1e-2,beta_grid_search_SP_INL_1e-2_p_50,50,1850.0,100,20,0.49108997,0.049754694,0.06095835566520691,-0.34909753057745013,-0.06378574056474973,0.5972020519231405
1e-2,beta_grid_search_SP_INL_1e-2_p_50,50,1900.0,100,20,0.48583415,0.04834331,0.06339581310749054,-0.35448924685937716,-0.11845869969230094,0.3549380773704828
1e-2,beta_grid_search_SP_INL_1e-2_p_50,50,1950.0,100,20,0.48423165,0.049357235,0.06983331590890884,-0.42096852738630963,-0.27228271096856904,0.15490371297889927
2e-1,beta_grid_search_SP_INL_2e-1_p_100,100,1.0,100,20,0.6470192,0.005756796,0.006812483072280884,-0.3526384891798751,0.738635445381155,0.49270049953246214
2e-1,beta_grid_search_SP_INL_2e-1_p_100,100,50.0,100,20,0.8327583,0.0047257934,0.005645841360092163,-0.569317221031818,0.1623940945908462,0.05444416942013954
2e-1,beta_grid_search_SP_INL_2e-1_p_100,100,100.0,100,20,0.86573416,0.005735382,0.007166683673858643,-0.9419577634435602,1.7875880933420207,0.0006413658545501301
2e-1,beta_grid_search_SP_INL_2e-1_p_100,100,150.0,100,20,0.8642741,0.013018348,0.02068750560283661,-0.8400957704453471,1.384312664015213,0.00031787780500297643
2e-1,beta_grid_search_SP_INL_2e-1_p_100,100,200.0,100,20,0.8281599,0.014826164,0.01864580810070038,-0.3456118793200376,0.4341878456299053,0.44639866621646246
2e-1,beta_grid_search_SP_INL_2e-1_p_100,100,250.0,100,20,0.79307,0.02508174,0.032499998807907104,-0.8291346033424305,0.5887221380225389,0.0015376091521309592
2e-1,beta_grid_search_SP_INL_2e-1_p_100,100,300.0,100,20,0.73196495,0.045814283,0.0587708055973053,-1.5284374553414426,4.68338454390911,1.1924099246934443e-06
2e-1,beta_grid_search_SP_INL_2e-1_p_100,100,350.0,100,20,0.6994468,0.05217169,0.06377081573009491,-0.8531239231650288,0.3780847510304959,0.00028770661332687425
2e-1,beta_grid_search_SP_INL_2e-1_p_100,100,400.0,100,20,0.66925424,0.049250368,0.06962500512599945,-0.3960959975874853,-0.5066694557026494,0.021024887620359565
2e-1,beta_grid_search_SP_INL_2e-1_p_100,100,450.0,100,20,0.64212835,0.055997133,0.0742499977350235,-0.5901003311776082,0.2277964770918719,0.044399236885614805
2e-1,beta_grid_search_SP_INL_2e-1_p_100,100,500.0,100,20,0.6231308,0.056205075,0.07350000739097595,-0.43756837714753133,0.1746422766011282,0.3559790521009732
2e-1,beta_grid_search_SP_INL_2e-1_p_100,100,550.0,100,20,0.607635,0.051820774,0.057062506675720215,-0.8822466811869238,1.4237906142952648,0.001346169596384692
2e-1,beta_grid_search_SP_INL_2e-1_p_100,100,600.0,100,20,0.58251005,0.054075528,0.06087498366832733,-0.6418904225299827,0.5087857513469012,0.01271481524061524
2e-1,beta_grid_search_SP_INL_2e-1_p_100,100,650.0,100,20,0.5787684,0.046832643,0.055583298206329346,-0.6079890743071519,0.9747660677904801,0.023543593577675888
2e-1,beta_grid_search_SP_INL_2e-1_p_100,100,700.0,100,20,0.5694659,0.04246511,0.060854196548461914,0.14395403916529978,0.018849793123243863,0.8390543326864686
2e-1,beta_grid_search_SP_INL_2e-1_p_100,100,750.0,100,20,0.5611942,0.048095383,0.05864579975605011,-0.5023530823449315,0.24103214142924578,0.05664390713346672
2e-1,beta_grid_search_SP_INL_2e-1_p_100,100,800.0,100,20,0.5496233,0.05202841,0.05956253409385681,-0.4089337954376212,0.36796637093149087,0.11865666483994125
2e-1,beta_grid_search_SP_INL_2e-1_p_100,100,850.0,100,20,0.53661084,0.050872363,0.058437496423721313,-0.6339305036488299,1.6655738326603124,0.02707761781157064
2e-1,beta_grid_search_SP_INL_2e-1_p_100,100,900.0,100,20,0.52898085,0.047026746,0.053854167461395264,-0.35884818741062974,-0.3206827543545612,0.06468312282635454
2e-1,beta_grid_search_SP_INL_2e-1_p_100,100,950.0,100,20,0.52441496,0.054708656,0.07314582914113998,-0.4479591739895673,1.1786508572026655,0.1368203203209119
2e-1,beta_grid_search_SP_INL_2e-1_p_100,100,1000.0,100,20,0.5168466,0.04601424,0.06106248497962952,-0.14797786154614834,-0.2952842255507333,0.6348529355198288
2e-1,beta_grid_search_SP_INL_2e-1_p_100,100,1050.0,100,20,0.5156133,0.039196722,0.05122914910316467,0.02671513958708572,0.36002636372638985,0.6883738608363795
2e-1,beta_grid_search_SP_INL_2e-1_p_100,100,1100.0,100,20,0.502855,0.045365326,0.05606250464916229,-0.3560819698654626,2.231834556661086,0.020804829489286768
2e-1,beta_grid_search_SP_INL_2e-1_p_100,100,1150.0,100,20,0.5107642,0.045157775,0.05502080172300339,0.2929016847354304,0.4888651157662598,0.21329930480791337
2e-1,beta_grid_search_SP_INL_2e-1_p_100,100,1200.0,100,20,0.49037582,0.054283775,0.06952081620693207,-0.26553645116566366,0.017757548728454697,0.8661142551999788
2e-1,beta_grid_search_SP_INL_2e-1_p_100,100,1250.0,100,20,0.49646667,0.051164452,0.06860414892435074,0.12262335671682427,-0.2782502543826144,0.3295439992007297
2e-1,beta_grid_search_SP_INL_2e-1_p_100,100,1300.0,100,20,0.49787498,0.053785257,0.07143748551607132,0.30883727204137085,-0.3290655631732542,0.20498037758851956
2e-1,beta_grid_search_SP_INL_2e-1_p_100,100,1350.0,100,20,0.48219997,0.057890132,0.08229164779186249,-0.10450416239388041,-0.5003568853524953,0.5653058586961792
2e-1,beta_grid_search_SP_INL_2e-1_p_100,100,1400.0,100,20,0.4889891,0.05264886,0.07922913879156113,-0.25294683282128044,-0.19325132673800782,0.6063251630167132
2e-1,beta_grid_search_SP_INL_2e-1_p_100,100,1450.0,100,20,0.4838783,0.05471041,0.0741666629910469,-0.3402381127760683,-0.4109355779788557,0.24317749038992814
2e-1,beta_grid_search_SP_INL_2e-1_p_100,100,1500.0,100,20,0.48070666,0.05639551,0.0730624794960022,-0.39620039870729357,0.042652139405989775,0.16475663577937577
2e-1,beta_grid_search_SP_INL_2e-1_p_100,100,1550.0,100,20,0.47804496,0.054356083,0.06033334136009216,-0.8000364266814807,0.8686969612139954,0.0048581645328815174
2e-1,beta_grid_search_SP_INL_2e-1_p_100,100,1600.0,100,20,0.4794092,0.05395892,0.05781250447034836,-0.6119737555646151,0.354402758711589,0.00623910736708821
2e-1,beta_grid_search_SP_INL_2e-1_p_100,100,1650.0,100,20,0.47834086,0.058331188,0.0779375359416008,-0.10490729041251393,-0.26670457431030936,0.7677044866003406
2e-1,beta_grid_search_SP_INL_2e-1_p_100,100,1700.0,100,20,0.48000994,0.055052318,0.06031248718500137,-0.6033592951608767,0.6137608831594448,0.020260253462106772
2e-1,beta_grid_search_SP_INL_2e-1_p_100,100,1750.0,100,20,0.47292167,0.058866028,0.07406250387430191,-0.014170543989972029,-0.13168357892770466,0.7930122689930218
2e-1,beta_grid_search_SP_INL_2e-1_p_100,100,1800.0,100,20,0.46108496,0.05909809,0.07891666144132614,-0.396292147769395,0.9484420086806793,0.09334511483968413
2e-1,beta_grid_search_SP_INL_2e-1_p_100,100,1850.0,100,20,0.47250834,0.057691034,0.0717291459441185,-0.5465829056367832,0.21061085460305096,0.05946603672211793
2e-1,beta_grid_search_SP_INL_2e-1_p_100,100,1900.0,100,20,0.47254667,0.056129154,0.06887497752904892,-0.4150887093085618,0.13668339086676262,0.31305940983205593
2e-1,beta_grid_search_SP_INL_2e-1_p_100,100,1950.0,100,20,0.47438496,0.058791555,0.0742708221077919,-0.4227730362918022,0.20939318936400442,0.11208748132281154
2e-1,beta_grid_search_SP_INL_2e-1_p_200,200,1.0,100,20,0.6476433,0.0048302105,0.005125001072883606,-0.7605979060231056,1.350627194200439,0.006160663916747375
2e-1,beta_grid_search_SP_INL_2e-1_p_200,200,50.0,100,20,0.83379155,0.00368448,0.004854127764701843,-0.2949088404503986,-0.3545842404991286,0.09847078213821638
2e-1,beta_grid_search_SP_INL_2e-1_p_200,200,100.0,100,20,0.8732534,0.0032787595,0.0037499666213989258,-0.17157751649938782,0.6697273570082203,0.3619269689111142
2e-1,beta_grid_search_SP_INL_2e-1_p_200,200,150.0,100,20,0.8861341,0.0038335316,0.004458367824554443,-1.1129020696026566,2.001839916932213,0.0001177722302425674
2e-1,beta_grid_search_SP_INL_2e-1_p_200,200,200.0,100,20,0.8895958,0.0059946473,0.006312459707260132,-1.5477662667529162,3.929985789725917,6.933019925815117e-07
2e-1,beta_grid_search_SP_INL_2e-1_p_200,200,250.0,100,20,0.88209915,0.010082736,0.014312505722045898,-0.6808932144550748,-0.18388957223309887,0.0008873443662584564
2e-1,beta_grid_search_SP_INL_2e-1_p_200,200,300.0,100,20,0.8646651,0.015529344,0.021729156374931335,-0.7879196127991477,0.2828783550726648,0.0012706531430542029
2e-1,beta_grid_search_SP_INL_2e-1_p_200,200,350.0,100,20,0.8482358,0.023693588,0.018812507390975952,-1.4894019375340364,1.6475095340637305,3.2703104615430194e-09
2e-1,beta_grid_search_SP_INL_2e-1_p_200,200,400.0,100,20,0.8325116,0.024442406,0.02177080512046814,-1.4555719515650203,2.66708039691577,3.051743553242379e-07
2e-1,beta_grid_search_SP_INL_2e-1_p_200,200,450.0,100,20,0.80999833,0.03749224,0.03822915256023407,-2.2499181327453797,6.352113290153625,9.011720802331654e-11
2e-1,beta_grid_search_SP_INL_2e-1_p_200,200,500.0,100,20,0.7979916,0.023437893,0.02677081525325775,-0.46750369654545537,0.17143702562009588,0.09818914622715293
2e-1,beta_grid_search_SP_INL_2e-1_p_200,200,550.0,100,20,0.77681005,0.031537443,0.04227082431316376,-0.5615348698042925,0.03312799285715107,0.010047091033359358
2e-1,beta_grid_search_SP_INL_2e-1_p_200,200,600.0,100,20,0.7620716,0.037046608,0.043729156255722046,-0.7798766699326676,0.5359464690301237,0.002284203444738093
2e-1,beta_grid_search_SP_INL_2e-1_p_200,200,650.0,100,20,0.7432468,0.04433014,0.039124950766563416,-1.8412660038546342,5.042257628729509,1.756245619347287e-08
2e-1,beta_grid_search_SP_INL_2e-1_p_200,200,700.0,100,20,0.73065245,0.047721356,0.05527085065841675,-0.7056453912242496,0.0015359004397899056,0.0015387630134082193
2e-1,beta_grid_search_SP_INL_2e-1_p_200,200,750.0,100,20,0.72111666,0.04054133,0.057812511920928955,-0.5634995363065989,0.14231543312734374,0.061367578572104765
2e-1,beta_grid_search_SP_INL_2e-1_p_200,200,800.0,100,20,0.7144425,0.045150924,0.059145793318748474,-0.8550563984516412,0.8399189309552635,0.0008784207830867609
2e-1,beta_grid_search_SP_INL_2e-1_p_200,200,850.0,100,20,0.6957733,0.05889823,0.07618753612041473,-1.2726029198893127,2.4783109570183406,9.864469476925118e-06
2e-1,beta_grid_search_SP_INL_2e-1_p_200,200,900.0,100,20,0.68219495,0.053334955,0.07383333146572113,-0.7196144258373668,0.2799884087944742,0.0026876268072473617
2e-1,beta_grid_search_SP_INL_2e-1_p_200,200,950.0,100,20,0.6839825,0.056063514,0.07120831310749054,-0.9514439160551753,0.7784228890946197,0.0001155592668759355
2e-1,beta_grid_search_SP_INL_2e-1_p_200,200,1000.0,100,20,0.67562413,0.050629694,0.057062506675720215,-1.3537573255556932,3.5262909168888052,9.202941492513152e-06
2e-1,beta_grid_search_SP_INL_2e-1_p_200,200,1050.0,100,20,0.67108154,0.062420145,0.08749997615814209,-1.0525810891540328,0.8682631734354027,1.0722117502799264e-05
2e-1,beta_grid_search_SP_INL_2e-1_p_200,200,1100.0,100,20,0.6676775,0.05494999,0.0664791613817215,-1.1322879220181399,1.5400580551445682,3.2921665857959365e-05
2e-1,beta_grid_search_SP_INL_2e-1_p_200,200,1150.0,100,20,0.6649458,0.051018506,0.07360418140888214,-0.6787185047163151,0.17228477172075474,0.004576079350039305
2e-1,beta_grid_search_SP_INL_2e-1_p_200,200,1200.0,100,20,0.65594,0.053401485,0.0819375067949295,-0.5867282893077521,0.12218277558794854,0.027313675538645228
2e-1,beta_grid_search_SP_INL_2e-1_p_200,200,1250.0,100,20,0.6519467,0.055405874,0.07089583575725555,-0.6792713238497919,0.2621248404361527,0.009407877630932251
2e-1,beta_grid_search_SP_INL_2e-1_p_200,200,1300.0,100,20,0.6472933,0.061595503,0.07716666162014008,-0.9987229052735914,1.62246285627337,0.00038749520203768494
2e-1,beta_grid_search_SP_INL_2e-1_p_200,200,1350.0,100,20,0.64523417,0.054440364,0.056437477469444275,-1.2078310824921037,1.6159544296415875,6.301032546310197e-06
2e-1,beta_grid_search_SP_INL_2e-1_p_200,200,1400.0,100,20,0.6424708,0.05784916,0.07362499833106995,-1.06011745542769,1.119966165661312,2.8749254551653565e-05
2e-1,beta_grid_search_SP_INL_2e-1_p_200,200,1450.0,100,20,0.6338283,0.06666123,0.07456247508525848,-1.2937569324720866,2.118248701590714,2.273866467011027e-06
2e-1,beta_grid_search_SP_INL_2e-1_p_200,200,1500.0,100,20,0.6364983,0.05379782,0.07664583623409271,-0.5806284968257444,0.20894878637606684,0.023932640290006958
2e-1,beta_grid_search_SP_INL_2e-1_p_200,200,1550.0,100,20,0.6300883,0.05495423,0.06889587640762329,-0.5657046746984583,0.6044754355908308,0.0856757208202912
2e-1,beta_grid_search_SP_INL_2e-1_p_200,200,1600.0,100,20,0.62535834,0.06352795,0.07972918450832367,-0.7888247284021102,1.2283295305948183,0.009500312530162617
2e-1,beta_grid_search_SP_INL_2e-1_p_200,200,1650.0,100,20,0.6336283,0.055118933,0.06593747437000275,-0.3670768000113403,-0.11353236282788082,0.31735869020192115
2e-1,beta_grid_search_SP_INL_2e-1_p_200,200,1700.0,100,20,0.6221975,0.06165719,0.08954165875911713,-0.598289858418825,-0.292208375134996,0.003825528986080918
2e-1,beta_grid_search_SP_INL_2e-1_p_200,200,1750.0,100,20,0.619865,0.067421645,0.06735418736934662,-1.032106932489305,1.8777663303620846,0.0002896322022036122
2e-1,beta_grid_search_SP_INL_2e-1_p_200,200,1800.0,100,20,0.6224725,0.058590434,0.08106251060962677,-0.4892851225506117,-0.23675529518565908,0.06036516285521402
2e-1,beta_grid_search_SP_INL_2e-1_p_200,200,1850.0,100,20,0.621345,0.05985749,0.07229164242744446,-0.9355166826379209,0.7675986994951631,0.0002678124893839231
2e-1,beta_grid_search_SP_INL_2e-1_p_200,200,1900.0,100,20,0.61742,0.058199167,0.0742291510105133,-0.6290779029960375,0.31251925060648933,0.021639169676990738
2e-1,beta_grid_search_SP_INL_2e-1_p_200,200,1950.0,100,20,0.60938334,0.066494316,0.08793748915195465,-0.9726408756732274,1.5001643026423261,0.00014950814532137255
2e-1,beta_grid_search_SP_INL_2e-1_p_50,50,1.0,100,20,0.64490587,0.008856069,0.011770814657211304,-0.24259246851947724,0.17448468009377072,0.609991753003557
2e-1,beta_grid_search_SP_INL_2e-1_p_50,50,50.0,100,20,0.82633674,0.008193436,0.010958313941955566,-1.0474366361418979,1.5319497600953866,0.0001314450746177446
2e-1,beta_grid_search_SP_INL_2e-1_p_50,50,100.0,100,20,0.8478983,0.009306709,0.009854182600975037,-0.5630196142481185,0.4337040471796487,0.04805472811760638
2e-1,beta_grid_search_SP_INL_2e-1_p_50,50,150.0,100,20,0.8434492,0.010207321,0.015208333730697632,-0.03868081684631816,-0.4238070486526664,0.32803729718342145
2e-1,beta_grid_search_SP_INL_2e-1_p_50,50,200.0,100,20,0.8191318,0.01281157,0.017249971628189087,0.23313431160741713,0.16824698086956458,0.29976599141777494
2e-1,beta_grid_search_SP_INL_2e-1_p_50,50,250.0,100,20,0.6578884,0.16282947,0.3141249716281891,-0.20892828764232926,-1.7513028839438407,1.531461615293714e-10
2e-1,beta_grid_search_SP_INL_2e-1_p_50,50,300.0,100,20,0.480505,0.102291636,0.09216667711734772,1.8110272424496054,3.6365503369913004,4.2163216749529397e-10
2e-1,beta_grid_search_SP_INL_2e-1_p_50,50,350.0,100,20,0.42132416,0.05843175,0.08927083760499954,0.16169299862283226,-0.25619394117117444,0.20240293278751242
2e-1,beta_grid_search_SP_INL_2e-1_p_50,50,400.0,100,20,0.4159208,0.061372627,0.08352082967758179,0.13232274431406843,-0.26699296097396585,0.7992486659778784
2e-1,beta_grid_search_SP_INL_2e-1_p_50,50,450.0,100,20,0.3939542,0.064446054,0.07387500256299973,0.38651942086576835,0.5589745032829674,0.2833858228556926
2e-1,beta_grid_search_SP_INL_2e-1_p_50,50,500.0,100,20,0.36865163,0.06232051,0.07789583504199982,0.34970371304794096,0.45172941333945804,0.2591722885749665
2e-1,beta_grid_search_SP_INL_2e-1_p_50,50,550.0,100,20,0.36351168,0.06936368,0.07535415887832642,0.4488152933634068,0.846456363500125,0.07964570050402855
2e-1,beta_grid_search_SP_INL_2e-1_p_50,50,600.0,100,20,0.35408333,0.06471928,0.10456249117851257,0.06844723402067404,-0.8792268673151518,0.07468378180686282
2e-1,beta_grid_search_SP_INL_2e-1_p_50,50,650.0,100,20,0.35914,0.06749254,0.085833340883255,-0.04070469310726527,-0.2728951192586857,0.9892661063096999
2e-1,beta_grid_search_SP_INL_2e-1_p_50,50,700.0,100,20,0.3542025,0.07252042,0.09910417348146439,-0.09861335637695516,-0.23927469894643671,0.5171175976026059
2e-1,beta_grid_search_SP_INL_2e-1_p_50,50,750.0,100,20,0.3509983,0.073401265,0.0911874920129776,-0.06679666948706778,-0.11860414026279908,0.7593082912213835
2e-1,beta_grid_search_SP_INL_2e-1_p_50,50,800.0,100,20,0.3454475,0.07127147,0.09910418093204498,-0.09164005677636052,0.021571343056213887,0.7287878989426358
2e-1,beta_grid_search_SP_INL_2e-1_p_50,50,850.0,100,20,0.3518558,0.07024367,0.08749999850988388,-0.46379116738847237,-0.07105318816507777,0.049689934570192634
2e-1,beta_grid_search_SP_INL_2e-1_p_50,50,900.0,100,20,0.35924834,0.075589195,0.1041874960064888,0.04305197180501363,-0.3594363385762662,0.8299945080492723
2e-1,beta_grid_search_SP_INL_2e-1_p_50,50,950.0,100,20,0.3563325,0.06780817,0.08106248825788498,-0.14704414531806034,0.07867978061681002,0.8967413804333795
2e-1,beta_grid_search_SP_INL_2e-1_p_50,50,1000.0,100,20,0.35415336,0.064312935,0.08385416865348816,-0.2312902101782602,-0.38996181662498897,0.2786178160447592
2e-1,beta_grid_search_SP_INL_2e-1_p_50,50,1050.0,100,20,0.35439166,0.06853866,0.10633333027362823,0.12054769752814458,-0.44590012325775463,0.6230590368649185
2e-1,beta_grid_search_SP_INL_2e-1_p_50,50,1100.0,100,20,0.3355233,0.07937606,0.08875000476837158,-0.29996128101242303,0.6163846377217919,0.2774599533696541
2e-1,beta_grid_search_SP_INL_2e-1_p_50,50,1150.0,100,20,0.34681416,0.08185525,0.10072917491197586,0.04704188859912375,0.4249648806935089,0.8488287593433692
2e-1,beta_grid_search_SP_INL_2e-1_p_50,50,1200.0,100,20,0.35913333,0.08242343,0.117229163646698,0.1330874060644281,-0.4904681975082963,0.7079463477403147
2e-1,beta_grid_search_SP_INL_2e-1_p_50,50,1250.0,100,20,0.35329583,0.07445908,0.11604166030883789,0.11910273133103323,-0.0759652743000987,0.7103054002641728
2e-1,beta_grid_search_SP_INL_2e-1_p_50,50,1300.0,100,20,0.35705417,0.082004346,0.12064585089683533,-0.057854900609612306,-0.5475281330272086,0.6649399979827281
2e-1,beta_grid_search_SP_INL_2e-1_p_50,50,1350.0,100,20,0.34623164,0.08692648,0.12420833855867386,0.07334397029230383,-0.5620051748083013,0.35795054597426945
2e-1,beta_grid_search_SP_INL_2e-1_p_50,50,1400.0,100,20,0.3450875,0.0884343,0.13310416042804718,-0.02911696731967987,-0.8184198702168026,0.176465185055457
2e-1,beta_grid_search_SP_INL_2e-1_p_50,50,1450.0,100,20,0.3282908,0.08433832,0.1197916641831398,-0.0772476382039276,-0.4633298749530175,0.5495172536600466
2e-1,beta_grid_search_SP_INL_2e-1_p_50,50,1500.0,100,20,0.33353165,0.08134205,0.11133334785699844,-0.31007370510969223,-0.28639472257753784,0.49284105572964476
2e-1,beta_grid_search_SP_INL_2e-1_p_50,50,1550.0,100,20,0.32754922,0.081520915,0.11135417222976685,0.09462446672585481,-0.29555169713454,0.9723184560050689
2e-1,beta_grid_search_SP_INL_2e-1_p_50,50,1600.0,100,20,0.32552,0.08950722,0.10724999755620956,-0.0038851804541404794,-0.3537268310130668,0.6964880060425545
2e-1,beta_grid_search_SP_INL_2e-1_p_50,50,1650.0,100,20,0.32412001,0.086903565,0.11883331835269928,0.13636383776338068,-0.463903770987085,0.3888369142877825
2e-1,beta_grid_search_SP_INL_2e-1_p_50,50,1700.0,100,20,0.32825834,0.07992623,0.10604166239500046,0.21458714530322673,-0.11224818095558753,0.30008824642155785
2e-1,beta_grid_search_SP_INL_2e-1_p_50,50,1750.0,100,20,0.30850667,0.08210761,0.11068751662969589,0.25265574456019974,-0.3277182041043907,0.5098163857952246
2e-1,beta_grid_search_SP_INL_2e-1_p_50,50,1800.0,100,20,0.32174918,0.08998854,0.11687500774860382,0.17835455563469438,-0.651840066784029,0.07441776735362204
2e-1,beta_grid_search_SP_INL_2e-1_p_50,50,1850.0,100,20,0.31962752,0.095225774,0.1352916732430458,0.27728299178272237,-0.42737968795475956,0.4349283286406839
2e-1,beta_grid_search_SP_INL_2e-1_p_50,50,1900.0,100,20,0.3261175,0.087742016,0.11922916024923325,0.4870239072412516,-0.24821591798217835,0.03634562546702102
2e-1,beta_grid_search_SP_INL_2e-1_p_50,50,1950.0,100,20,0.31605917,0.088927284,0.11602084338665009,0.07393784422934964,0.1903129761267186,0.9185010775962286
