curva,beta_hidden,beta_output,acc_mean,acc_sem,tiempo_seg
lineal,53.16119130868569,53.16119130868569,0.8619833333333333,0.001491146712606944,280.4
lineal,53.16119130868569,84.38813100729034,0.8905833333333333,0.0015953636529597679,288.2
lineal,53.16119130868569,133.95780793460293,0.9084833333333333,0.001999490675887986,296.9
lineal,53.16119130868569,212.64476523474278,0.9186833333333334,0.002300885497819045,303.6
lineal,53.16119130868569,337.5525240291613,0.9230333333333333,0.002313887221554675,308.3
lineal,53.16119130868569,535.8312317384118,0.9207333333333333,0.002969973188555886,312.2
lineal,53.16119130868569,850.5790609389713,0.9162666666666667,0.002748972872156419,313.8
lineal,53.16119130868569,1350.2100961166457,0.9058666666666667,0.0048865651042955234,315.2
lineal,53.16119130868569,2143.3249269536454,0.9100833333333335,0.002200547070027665,315.8
lineal,53.16119130868569,3402.316243755884,0.8770833333333333,0.01621738322043722,316.3
lineal,84.38813100729034,53.16119130868569,0.8839,0.0015855247992033847,290.8
lineal,84.38813100729034,84.38813100729034,0.9047666666666667,0.0019296420700530095,298.3
lineal,84.38813100729034,133.95780793460293,0.92035,0.001845866252528133,305.6
lineal,84.38813100729034,212.64476523474278,0.9291666666666666,0.0015019123612051153,309.5
lineal,84.38813100729034,337.5525240291613,0.9321166666666668,0.0027699110829424575,312.9
lineal,84.38813100729034,535.8312317384118,0.9286333333333334,0.001998517969414846,315.4
lineal,84.38813100729034,850.5790609389713,0.9208666666666666,0.004774372171252427,317.9
lineal,84.38813100729034,1350.2100961166457,0.9081333333333332,0.007837741076686913,318.0
lineal,84.38813100729034,2143.3249269536454,0.9055666666666667,0.010648143639290498,319.4
lineal,84.38813100729034,3402.316243755884,0.86895,0.01186472362369503,320.9
lineal,133.95780793460293,53.16119130868569,0.8965833333333334,0.002157716557090101,295.3
lineal,133.95780793460293,84.38813100729034,0.9153833333333333,0.0023793478720641847,300.6
lineal,133.95780793460293,133.95780793460293,0.9302333333333334,0.0013569437336515924,305.4
lineal,133.95780793460293,212.64476523474278,0.9385,0.0018763143541409815,309.6
lineal,133.95780793460293,337.5525240291613,0.9382666666666667,0.0020760985490060955,312.9
lineal,133.95780793460293,535.8312317384118,0.9360833333333334,0.0011446332098909002,315.5
lineal,133.95780793460293,850.5790609389713,0.9285166666666665,0.005265840300851701,316.3
lineal,133.95780793460293,1350.2100961166457,0.9131499999999999,0.009060997001802113,316.0
lineal,133.95780793460293,2143.3249269536454,0.9162833333333333,0.011331233465596386,317.7
lineal,133.95780793460293,3402.316243755884,0.8628833333333333,0.028712660131932244,319.5
lineal,212.64476523474278,53.16119130868569,0.9040666666666667,0.002147004804286565,300.6
lineal,212.64476523474278,84.38813100729034,0.92345,0.0018754258775601454,303.6
lineal,212.64476523474278,133.95780793460293,0.9370333333333333,0.0012193653479789467,308.5
lineal,212.64476523474278,212.64476523474278,0.9437166666666666,0.0010280330013437337,310.5
lineal,212.64476523474278,337.5525240291613,0.9473166666666667,0.0004486605579904465,313.6
lineal,212.64476523474278,535.8312317384118,0.9395166666666667,0.0020434629286436297,315.6
lineal,212.64476523474278,850.5790609389713,0.93375,0.00224065962510051,315.5
lineal,212.64476523474278,1350.2100961166457,0.9308166666666665,0.0017335469953783072,317.2
lineal,212.64476523474278,2143.3249269536454,0.87235,0.004341850603909206,318.5
lineal,212.64476523474278,3402.316243755884,0.88905,0.008387722509053853,318.6
lineal,337.5525240291613,53.16119130868569,0.9106000000000001,0.0019344824171395854,304.8
lineal,337.5525240291613,84.38813100729034,0.9277333333333333,0.0018161824023259496,307.0
lineal,337.5525240291613,133.95780793460293,0.9399666666666667,0.0016083693145082765,310.0
lineal,337.5525240291613,212.64476523474278,0.9483666666666667,0.0009549093422162143,312.9
lineal,337.5525240291613,337.5525240291613,0.9507166666666667,0.0020292764629204433,315.1
lineal,337.5525240291613,535.8312317384118,0.9479166666666666,0.003712017520712161,317.8
lineal,337.5525240291613,850.5790609389713,0.9441999999999999,0.0010741922029548145,317.9
lineal,337.5525240291613,1350.2100961166457,0.9330166666666666,0.0054856546926877765,318.7
lineal,337.5525240291613,2143.3249269536454,0.92145,0.014544548425059074,319.0
lineal,337.5525240291613,3402.316243755884,0.9234,0.011096621107346149,319.4
lineal,535.8312317384118,53.16119130868569,0.9136833333333333,0.002145063238297718,305.8
lineal,535.8312317384118,84.38813100729034,0.93,0.0011440668201153623,307.3
lineal,535.8312317384118,133.95780793460293,0.9417,0.0011860297916438031,310.2
lineal,535.8312317384118,212.64476523474278,0.9476833333333333,0.000259629365456622,312.0
lineal,535.8312317384118,337.5525240291613,0.9513166666666667,0.0005931710140017262,314.0
lineal,535.8312317384118,535.8312317384118,0.9499166666666667,0.0038340820524846906,316.4
lineal,535.8312317384118,850.5790609389713,0.9497666666666666,0.0005251102177074155,316.6
lineal,535.8312317384118,1350.2100961166457,0.9322666666666667,0.0024446464562992193,318.1
lineal,535.8312317384118,2143.3249269536454,0.9224166666666666,0.00866860021166218,317.1
lineal,535.8312317384118,3402.316243755884,0.9335666666666667,0.0043796456815930265,318.5
lineal,850.5790609389713,53.16119130868569,0.9134333333333333,0.0022745369899209275,306.8
lineal,850.5790609389713,84.38813100729034,0.9301833333333333,0.0017952612520084547,308.8
lineal,850.5790609389713,133.95780793460293,0.9434666666666667,0.0008206817400908231,310.5
lineal,850.5790609389713,212.64476523474278,0.9496166666666667,0.0007273747824018155,312.4
lineal,850.5790609389713,337.5525240291613,0.9476833333333333,0.0030307070437746377,314.3
lineal,850.5790609389713,535.8312317384118,0.9500666666666667,0.001095022408023712,315.1
lineal,850.5790609389713,850.5790609389713,0.9455833333333334,0.00471052800374587,315.8
lineal,850.5790609389713,1350.2100961166457,0.9385833333333333,0.002733570450419626,316.7
lineal,850.5790609389713,2143.3249269536454,0.9321666666666667,0.005091459806672627,317.8
lineal,850.5790609389713,3402.316243755884,0.9236833333333333,0.008296764206381686,316.4
lineal,1350.2100961166457,53.16119130868569,0.9141333333333334,0.001692193404584277,307.2
lineal,1350.2100961166457,84.38813100729034,0.9277333333333333,0.0018031351297937554,307.5
lineal,1350.2100961166457,133.95780793460293,0.9413833333333335,0.0018729556756535636,309.1
lineal,1350.2100961166457,212.64476523474278,0.9472833333333334,0.0009630199413342557,310.1
lineal,1350.2100961166457,337.5525240291613,0.9477500000000001,0.0019109334542748,311.1
lineal,1350.2100961166457,535.8312317384118,0.9484333333333334,0.001450351170757795,311.9
lineal,1350.2100961166457,850.5790609389713,0.9448666666666666,0.0010562862967684235,312.6
lineal,1350.2100961166457,1350.2100961166457,0.9436,0.0021143688314850767,313.7
lineal,1350.2100961166457,2143.3249269536454,0.9246333333333334,0.004259651350712829,313.8
lineal,1350.2100961166457,3402.316243755884,0.9243833333333334,0.0002138708506102302,313.8
lineal,2143.3249269536454,53.16119130868569,0.9122,0.0018530755216366406,306.3
lineal,2143.3249269536454,84.38813100729034,0.9257166666666667,0.001614230696257728,307.6
lineal,2143.3249269536454,133.95780793460293,0.9376333333333333,0.0010914652061776117,308.8
lineal,2143.3249269536454,212.64476523474278,0.9453,0.0008468897343941819,309.8
lineal,2143.3249269536454,337.5525240291613,0.9462,0.0012886254520051894,310.6
lineal,2143.3249269536454,535.8312317384118,0.9422833333333333,0.001471268034597919,310.2
lineal,2143.3249269536454,850.5790609389713,0.9417166666666666,0.0014924501356519029,310.6
lineal,2143.3249269536454,1350.2100961166457,0.9306166666666668,0.0048884406360159205,311.7
lineal,2143.3249269536454,2143.3249269536454,0.9318666666666667,0.0014655930413873363,311.5
lineal,2143.3249269536454,3402.316243755884,0.9091833333333333,0.0073309592116559096,311.8
lineal,3402.316243755884,53.16119130868569,0.9112,0.0011197718021493698,305.6
lineal,3402.316243755884,84.38813100729034,0.9244333333333333,0.002074358446113613,305.9
lineal,3402.316243755884,133.95780793460293,0.93395,0.0005759050847723631,306.7
lineal,3402.316243755884,212.64476523474278,0.9406166666666667,0.0018123547195925975,306.7
lineal,3402.316243755884,337.5525240291613,0.9439500000000001,0.0018087749076838198,308.3
lineal,3402.316243755884,535.8312317384118,0.9432833333333334,0.0018014397534153578,308.8
lineal,3402.316243755884,850.5790609389713,0.9390333333333333,0.0017394656480484787,309.4
lineal,3402.316243755884,1350.2100961166457,0.9319000000000001,0.0029229931387002904,309.9
lineal,3402.316243755884,2143.3249269536454,0.9177333333333334,0.003848111609993002,310.5
lineal,3402.316243755884,3402.316243755884,0.914,0.002954939367680259,310.3
no_lineal,48.065255673720344,48.065255673720344,0.8514666666666666,0.0011938112016500707,278.6
no_lineal,48.065255673720344,76.29883741958413,0.88185,0.001430617582258339,285.6
no_lineal,48.065255673720344,121.11685478379853,0.9018166666666666,0.0024277714212985898,296.0
no_lineal,48.065255673720344,192.26102269488152,0.9096666666666667,0.002395520510978458,304.5
no_lineal,48.065255673720344,305.19534967833664,0.9100833333333335,0.0039879215787824345,309.7
no_lineal,48.065255673720344,484.4674191351938,0.9083,0.0036416571319478524,313.9
no_lineal,48.065255673720344,769.0440907795263,0.8962166666666667,0.00012981468272829598,316.4
no_lineal,48.065255673720344,1220.7813987133468,0.883,0.004112244588488829,317.8
no_lineal,48.065255673720344,1937.8696765407756,0.8627833333333333,0.011209230653878617,318.4
no_lineal,48.065255673720344,3076.176363118102,0.8236166666666667,0.009743782442988791,319.5
no_lineal,76.29883741958413,48.065255673720344,0.8751333333333333,0.0016513182164113172,287.2
no_lineal,76.29883741958413,76.29883741958413,0.8979666666666667,0.0021866175468737764,294.9
no_lineal,76.29883741958413,121.11685478379853,0.9106833333333334,0.0024550778821469895,302.1
no_lineal,76.29883741958413,192.26102269488152,0.9151333333333334,0.00337328831766187,308.3
no_lineal,76.29883741958413,305.19534967833664,0.91305,0.004720404879056669,312.0
no_lineal,76.29883741958413,484.4674191351938,0.9019166666666667,0.002633368494842607,314.9
no_lineal,76.29883741958413,769.0440907795263,0.9005833333333334,0.007454764819799383,315.2
no_lineal,76.29883741958413,1220.7813987133468,0.8912333333333332,0.01280981250043481,317.4
no_lineal,76.29883741958413,1937.8696765407756,0.8738166666666666,0.012109255719245258,318.2
no_lineal,76.29883741958413,3076.176363118102,0.8684333333333334,0.015609849692018401,319.3
no_lineal,121.11685478379853,48.065255673720344,0.8894666666666667,0.001525037947311719,294.2
no_lineal,121.11685478379853,76.29883741958413,0.9068,0.0023697163449568318,300.3
no_lineal,121.11685478379853,121.11685478379853,0.91755,0.0025080979956045414,306.7
no_lineal,121.11685478379853,192.26102269488152,0.9178499999999999,0.005086965915181904,310.1
no_lineal,121.11685478379853,305.19534967833664,0.9090666666666666,0.007688242586838318,314.3
no_lineal,121.11685478379853,484.4674191351938,0.8933333333333334,0.005757426765748992,315.7
no_lineal,121.11685478379853,769.0440907795263,0.8972333333333333,0.006649366441554715,315.6
no_lineal,121.11685478379853,1220.7813987133468,0.8605333333333333,0.020194737121522723,317.7
no_lineal,121.11685478379853,1937.8696765407756,0.8813,0.010000694420333465,319.2
no_lineal,121.11685478379853,3076.176363118102,0.8373166666666667,0.022724831417701714,319.7
no_lineal,192.26102269488152,48.065255673720344,0.8984833333333334,0.0016140586064902125,300.3
no_lineal,192.26102269488152,76.29883741958413,0.9135,0.0017196575886559947,303.6
no_lineal,192.26102269488152,121.11685478379853,0.9219166666666667,0.002642844987817033,309.4
no_lineal,192.26102269488152,192.26102269488152,0.9236,0.004104469108991644,312.8
no_lineal,192.26102269488152,305.19534967833664,0.9180333333333334,0.004001550625371052,314.6
no_lineal,192.26102269488152,484.4674191351938,0.8989833333333334,0.009949911594619366,316.3
no_lineal,192.26102269488152,769.0440907795263,0.8777333333333334,0.009035434360011372,317.2
no_lineal,192.26102269488152,1220.7813987133468,0.8835833333333335,0.020514091814237426,318.7
no_lineal,192.26102269488152,1937.8696765407756,0.8741333333333333,0.021349035020260212,319.6
no_lineal,192.26102269488152,3076.176363118102,0.8266,0.014574025601124141,320.6
no_lineal,305.19534967833664,48.065255673720344,0.90315,0.001251887463880947,304.3
no_lineal,305.19534967833664,76.29883741958413,0.9173166666666667,0.0022455305402971863,307.3
no_lineal,305.19534967833664,121.11685478379853,0.9262,0.0018080068829760669,312.3
no_lineal,305.19534967833664,192.26102269488152,0.9168166666666666,0.004052456959352856,313.2
no_lineal,305.19534967833664,305.19534967833664,0.9054166666666666,0.010698243192571734,314.9
no_lineal,305.19534967833664,484.4674191351938,0.91755,0.005187966846463068,315.5
no_lineal,305.19534967833664,769.0440907795263,0.8828333333333332,0.01497327866814994,316.1
no_lineal,305.19534967833664,1220.7813987133468,0.8920666666666666,0.014909212911137507,318.5
no_lineal,305.19534967833664,1937.8696765407756,0.8597333333333333,0.020163227438600734,318.8
no_lineal,305.19534967833664,3076.176363118102,0.80595,0.02823883260098877,319.7
no_lineal,484.4674191351938,48.065255673720344,0.9047499999999999,0.0024063573208390255,306.7
no_lineal,484.4674191351938,76.29883741958413,0.9143666666666667,0.00286369354867813,309.3
no_lineal,484.4674191351938,121.11685478379853,0.9201833333333332,0.005840773033565797,312.5
no_lineal,484.4674191351938,192.26102269488152,0.92225,0.006797589442017091,314.4
no_lineal,484.4674191351938,305.19534967833664,0.9141666666666667,0.004403554961198557,314.7
no_lineal,484.4674191351938,484.4674191351938,0.8927833333333334,0.010681040662296424,316.7
no_lineal,484.4674191351938,769.0440907795263,0.9116666666666666,0.011662888277050525,317.5
no_lineal,484.4674191351938,1220.7813987133468,0.8735166666666666,0.0019734816010365114,319.3
no_lineal,484.4674191351938,1937.8696765407756,0.8861,0.013901458756387956,319.0
no_lineal,769.0440907795263,48.065255673720344,0.9001833333333332,0.0013553050770405434,307.4
no_lineal,484.4674191351938,3076.176363118102,0.8323166666666667,0.02184903167614494,320.8
no_lineal,769.0440907795263,76.29883741958413,0.9152166666666667,0.001999490675887986,311.0
no_lineal,769.0440907795263,121.11685478379853,0.91865,0.008118121019601066,313.9
no_lineal,769.0440907795263,192.26102269488152,0.9023500000000001,0.007188300680040217,314.4
no_lineal,769.0440907795263,305.19534967833664,0.9138999999999999,0.0157533065312228,315.5
no_lineal,769.0440907795263,484.4674191351938,0.8882333333333333,0.008269399189963148,316.6
no_lineal,769.0440907795263,769.0440907795263,0.8749833333333333,0.01959906932786652,316.2
no_lineal,769.0440907795263,1220.7813987133468,0.9158166666666667,0.0038622340493361914,317.7
no_lineal,1220.7813987133468,48.065255673720344,0.8977166666666667,0.000649073413641559,306.3
no_lineal,769.0440907795263,1937.8696765407756,0.8490333333333333,0.0163979730002985,318.0
no_lineal,769.0440907795263,3076.176363118102,0.8457500000000001,0.022929687210155234,319.9
no_lineal,1220.7813987133468,76.29883741958413,0.9117000000000001,0.00326402954779653,311.0
no_lineal,1220.7813987133468,121.11685478379853,0.9068499999999999,0.008967812813984618,313.3
no_lineal,1220.7813987133468,192.26102269488152,0.9302833333333332,0.0007387426755919402,314.1
no_lineal,1220.7813987133468,305.19534967833664,0.9160499999999999,0.004403849326315445,315.7
no_lineal,1220.7813987133468,484.4674191351938,0.9121833333333335,0.012984698972537151,316.1
no_lineal,1220.7813987133468,769.0440907795263,0.8684166666666666,0.02158073128888274,317.1
no_lineal,1220.7813987133468,1220.7813987133468,0.8458166666666666,0.015783154404711456,317.4
no_lineal,1937.8696765407756,48.065255673720344,0.8853166666666666,0.004201344581951883,307.0
no_lineal,1220.7813987133468,1937.8696765407756,0.8489666666666666,0.04290056548017194,318.5
no_lineal,1220.7813987133468,3076.176363118102,0.8328000000000001,0.02596440940124684,319.6
no_lineal,1937.8696765407756,76.29883741958413,0.8837999999999999,0.0008436033823229336,310.7
no_lineal,1937.8696765407756,121.11685478379853,0.9198000000000001,0.003347221069617135,312.6
no_lineal,1937.8696765407756,192.26102269488152,0.9178000000000001,0.001991230775173986,312.8
no_lineal,1937.8696765407756,305.19534967833664,0.9086500000000001,0.008400826678898264,314.3
no_lineal,1937.8696765407756,484.4674191351938,0.9045666666666667,0.01142865145474627,315.6
no_lineal,1937.8696765407756,769.0440907795263,0.8958333333333334,0.010632897936052908,316.0
no_lineal,1937.8696765407756,1220.7813987133468,0.84545,0.01804486692170997,316.0
no_lineal,3076.176363118102,48.065255673720344,0.8774000000000001,0.004800231475900097,308.2
no_lineal,1937.8696765407756,1937.8696765407756,0.8236833333333333,0.03348831747650825,317.7
no_lineal,1937.8696765407756,3076.176363118102,0.8346,0.010656244908763863,317.4
no_lineal,3076.176363118102,76.29883741958413,0.8957499999999999,0.001419506956657842,309.9
no_lineal,3076.176363118102,121.11685478379853,0.8829833333333333,0.00918502202662735,304.8
no_lineal,3076.176363118102,192.26102269488152,0.90155,0.007388767751722128,298.4
no_lineal,3076.176363118102,305.19534967833664,0.9076333333333334,0.010496277999931785,293.6
no_lineal,3076.176363118102,484.4674191351938,0.9065666666666669,0.003889182528596556,287.7
no_lineal,3076.176363118102,769.0440907795263,0.8883166666666668,0.004707047513707119,284.6
no_lineal,3076.176363118102,1220.7813987133468,0.8715333333333334,0.016610945744253067,280.3
no_lineal,3076.176363118102,1937.8696765407756,0.8712666666666667,0.0106862407206997,279.4
no_lineal,3076.176363118102,3076.176363118102,0.8163499999999999,0.027551053619699468,277.2
